external_transaction_id,terminal_code,transaction_type_code,status_code,payment_method_code,currency_code,amount,occurred_at_utc,authorization_code,card_network,masked_pan
07a0ca6e-0822-48f3-ac03-1199972a8469,T0041-POS,PURCHASE,SETTLED,CARD,EUR,18.02,2025-08-22T19:13:16.027Z,091161,VISA,411111******8935
de8a774b-cf36-458b-8737-819096da1dac,T0036-POS,PURCHASE,SETTLED,BLIK,PLN,74.83,2025-03-02T09:10:26.220Z,471029,,
759cde66-bacf-43d0-8b1f-9163ce9ff57f,T0049-MOB,PURCHASE,SETTLED,CARD,PLN,451.14,2025-05-28T00:11:46.080Z,277370,MASTERCARD,545454******9891
c5e7ce8a-3a57-4a8e-a948-8d990bbb2599,T0036-MOB,PURCHASE,DECLINED,DIGITAL_WALLET,PLN,30.19,2025-04-01T09:46:05.887Z,,VISA,411111******1139
efc89849-b3aa-4efe-8458-a885ab9099a4,T0007-MOB,PURCHASE,SETTLED,CARD,PLN,62.75,2025-09-04T14:25:35.175Z,219684,MASTERCARD,545454******5820
3aa2e4f9-0e51-430d-86a7-ee39c4b032cc,T0035-ECO,PURCHASE,SETTLED,CARD,PLN,37.28,2025-12-21T15:02:43.965Z,883794,VISA,411111******5313
8fb5d27b-beb7-4919-bf22-faf823bed01d,T0037-ECO,PURCHASE,SETTLED,CARD,PLN,58.22,2025-06-16T09:17:33.919Z,277746,MASTERCARD,545454******2340
0c0fd195-c17a-408a-9745-d6d87e570ddf,T0038-MOB,REVERSAL,REVERSED,CARD,PLN,92.87,2025-03-04T03:08:25.811Z,,VISA,411111******8348
8da0365b-f898-47b9-805c-acec877409a9,T0044-MOB,PURCHASE,SETTLED,BLIK,PLN,146.89,2025-07-28T12:55:34.768Z,490785,,
e9a1fa6f-81f7-4d1c-adbc-2134c30ff46e,T0018-ECO,PURCHASE,SETTLED,CARD,PLN,7.37,2025-11-23T20:55:36.654Z,524902,VISA,411111******4315
edd96831-1ca3-4cfb-84fc-6d827d154385,T0033-ECO,PURCHASE,SETTLED,CARD,PLN,89.30,2025-04-04T13:05:09.899Z,339902,VISA,411111******9813
2a45c2ab-8cbf-4db0-b264-accc79ac1b1e,T0037-POS,PURCHASE,SETTLED,CARD,PLN,37.82,2025-07-29T10:36:13.773Z,691798,VISA,411111******2103
1efa2197-7394-488f-847f-d9b4e64d1bcb,T0047-ECO,PURCHASE,PENDING,CARD,PLN,28.16,2025-01-09T04:03:12.602Z,,MASTERCARD,545454******7177
5496f63c-dc11-40c1-880a-adfbe7c99b26,T0036-POS,PURCHASE,SETTLED,CARD,PLN,17.01,2025-09-17T19:19:29.497Z,070674,VISA,411111******3750
30beb45f-6835-44f2-8eb8-1f9d7914c120,T0014-ECO,PURCHASE,SETTLED,CARD,PLN,5.81,2025-05-18T14:17:33.433Z,822733,MASTERCARD,545454******3981
dc96925e-ccf3-4171-96dc-8907ba6c34ab,T0027-MOB,PURCHASE,SETTLED,DIGITAL_WALLET,PLN,19.51,2025-07-28T06:32:43.459Z,422179,VISA,411111******0993
8ce21ea3-db20-456e-9c81-5fe7ceda8bbb,T0009-MOB,PURCHASE,DECLINED,CARD,PLN,6.15,2025-07-29T22:38:41.856Z,,VISA,411111******7260
0f02bad0-e706-4ef4-a6aa-9385dd59ba71,T0001-POS,PURCHASE,SETTLED,DIGITAL_WALLET,EUR,3.46,2025-11-01T21:56:09.465Z,224130,MASTERCARD,545454******7886
309d258c-27a0-43d7-bc96-7f79b7e99aca,T0019-MOB,PURCHASE,SETTLED,BLIK,PLN,60.14,2025-10-18T11:38:15.321Z,694022,,
d9f195d0-1482-4f53-8201-0c62f5f59b22,T0004-POS,PURCHASE,DECLINED,CARD,PLN,11.81,2025-09-20T05:26:13.882Z,,VISA,411111******0931
85d51695-90b2-4633-956b-8c0ca8499b92,T0016-MOB,PURCHASE,SETTLED,CARD,PLN,29.19,2025-09-18T02:17:54.733Z,439589,VISA,411111******1343
02627f73-1292-4f83-af8c-485bc07a30f2,T0021-POS,PURCHASE,SETTLED,CARD,EUR,22.88,2025-12-29T10:36:28.357Z,974146,MASTERCARD,545454******5180
8dfa6a56-d12d-4c9a-aaf9-15310200b1f0,T0005-POS,PURCHASE,DECLINED,CARD,PLN,16.08,2025-12-31T15:27:42.899Z,,MASTERCARD,545454******8666
341ef40b-57c7-40aa-b7b5-6ea735ebd32d,T0009-MOB,PURCHASE,SETTLED,CARD,PLN,398.16,2025-07-16T06:45:13.500Z,634210,MASTERCARD,545454******4616
430f801d-fad4-49e2-a319-dcb4217d65a0,T0017-POS,PURCHASE,SETTLED,CARD,PLN,15.80,2025-10-02T01:17:50.437Z,808577,VISA,411111******5464
951f58d0-5e84-4058-95a8-04eb093923de,T0036-POS,REFUND,REFUNDED,CARD,PLN,52.35,2025-01-17T05:52:23.315Z,,VISA,411111******8938
e256a6dc-8f54-46b7-87b5-b2bc5a8aaeca,T0024-POS,PURCHASE,SETTLED,BLIK,PLN,26.07,2025-11-07T15:29:14.830Z,107786,,
1bac27a7-b386-47a4-8991-603f28c13091,T0012-MOB,PURCHASE,SETTLED,CARD,EUR,36.25,2025-07-02T19:08:56.227Z,279766,MASTERCARD,545454******4065
5408f9ac-6601-4dd0-b170-f437a8f7ef5a,T0013-MOB,PURCHASE,DECLINED,CARD,PLN,29.72,2025-10-28T07:55:36.285Z,,VISA,411111******0387
1d870966-0710-4430-b071-d87954c63cd8,T0023-ECO,PURCHASE,DECLINED,BLIK,PLN,107.29,2025-08-14T11:29:18.985Z,,,
629c2ae3-1d9a-4659-82ec-9f2dfbf6e16f,T0017-POS,PURCHASE,SETTLED,CARD,PLN,104.19,2025-01-18T05:42:44.725Z,635656,MASTERCARD,545454******7149
ebb7a385-aa0b-4b14-b2e9-702d11e9cdaa,T0028-POS,PURCHASE,SETTLED,CARD,PLN,29.24,2025-11-26T08:04:31.127Z,452248,VISA,411111******5967
311c6eb6-2095-4ef6-8ded-f9fb4bb00f20,T0047-MOB,PURCHASE,SETTLED,BLIK,PLN,4.53,2025-09-21T01:03:38.766Z,731076,,
6e0d2648-35ce-4841-8973-2d6c4dcabfb7,T0012-ECO,PURCHASE,DECLINED,BLIK,EUR,155.45,2025-05-06T03:34:49.476Z,,,
15b52908-a8aa-4158-ab70-e525bc67f831,T0029-MOB,PURCHASE,SETTLED,BLIK,PLN,14.83,2025-08-29T11:55:44.343Z,834692,,
d98868dd-9c7c-4377-b9a2-8903fbe33b24,T0006-POS,PURCHASE,SETTLED,CARD,PLN,104.15,2025-12-11T03:23:40.644Z,256736,VISA,411111******0757
e4855aa1-016b-4287-b008-05cca7f36ae9,T0037-POS,PURCHASE,SETTLED,BLIK,PLN,290.69,2025-02-11T09:27:56.797Z,154739,,
d92c9227-eadf-4085-bfcb-75468eb22579,T0028-POS,REFUND,REFUNDED,CARD,PLN,21.13,2025-06-30T10:47:19.683Z,,MASTERCARD,545454******0822
d0a44432-9cd6-4852-b14c-7df4e4347d51,T0034-ECO,REFUND,REFUNDED,BLIK,PLN,95.55,2025-11-19T13:27:56.928Z,,,
c715b2b9-c40c-4d91-86fd-e062a33dc7af,T0036-MOB,PURCHASE,SETTLED,DIGITAL_WALLET,PLN,49.30,2025-04-17T15:26:01.450Z,880660,MASTERCARD,545454******4050
271e3ee2-b1a6-41f1-a20e-99d33b33f3d8,T0005-ECO,PURCHASE,SETTLED,CARD,PLN,65.26,2025-06-08T07:06:05.338Z,158157,VISA,411111******2267
5a0cdd7c-f157-4470-8182-67c47a1b5806,T0035-MOB,PURCHASE,SETTLED,CARD,PLN,25.37,2025-12-13T06:42:05.976Z,398858,VISA,411111******9432
6f92f25e-45df-46b6-b82c-043f7cfc9b79,T0027-ECO,PURCHASE,SETTLED,BLIK,PLN,42.94,2025-09-17T18:21:14.695Z,231251,,
157d94a1-06f0-48ff-a9ba-5a27907bfe36,T0026-ECO,PURCHASE,SETTLED,CARD,PLN,59.34,2025-06-29T07:20:29.186Z,620644,VISA,411111******6455
4094dded-6beb-4c31-94f8-fd72f3821cfd,T0004-MOB,PURCHASE,SETTLED,CARD,PLN,132.25,2025-10-18T21:24:43.552Z,788539,MASTERCARD,545454******4558
05379ff6-d6d7-43b8-b309-4d353f4df561,T0004-MOB,PURCHASE,AUTHORIZED,CARD,PLN,58.75,2025-07-03T21:54:32.685Z,995740,VISA,411111******0508
f6b751f7-9b74-4245-9b1b-c8952af43ab7,T0008-ECO,PURCHASE,SETTLED,BANK_TRANSFER,PLN,72.26,2025-11-15T04:26:25.167Z,386814,,
9793b9b4-1374-4146-b2c5-bd89b70b3420,T0020-POS,PURCHASE,SETTLED,CARD,CZK,537.37,2025-02-09T13:47:20.713Z,987203,MASTERCARD,545454******6498
11a72609-5edd-4bbf-a959-76636daa2e68,T0050-MOB,PURCHASE,SETTLED,DIGITAL_WALLET,CZK,227.00,2025-11-26T22:37:07.430Z,558623,VISA,411111******5688
859131d2-bbda-4242-ad17-4fc96f7c15ea,T0032-POS,PURCHASE,DECLINED,CARD,EUR,133.49,2025-11-10T20:57:45.941Z,,MASTERCARD,545454******2506
ef43613c-d4aa-49a3-bed8-c56cda09dfa0,T0035-MOB,PURCHASE,SETTLED,BLIK,PLN,19.67,2025-08-26T00:42:13.684Z,337960,,
e15ca666-4797-42c9-9720-72464223623b,T0025-MOB,PURCHASE,SETTLED,CARD,PLN,176.95,2025-08-04T20:20:52.010Z,836587,VISA,411111******5813
cafda613-72bb-412d-bda6-7785b63b4dc3,T0034-POS,PURCHASE,SETTLED,CARD,PLN,13.83,2025-06-07T01:17:30.708Z,677278,VISA,411111******7800
8ce6424d-bef5-4fe6-bf23-3d5f6cedd15d,T0016-MOB,PURCHASE,SETTLED,BLIK,PLN,16.83,2025-04-16T05:07:26.313Z,360455,,
b97e6703-46c8-4dfe-bbf4-7042bd1531c8,T0017-POS,PURCHASE,SETTLED,CARD,PLN,84.85,2025-08-20T18:29:34.289Z,226895,VISA,411111******3138
4ac9778d-8da8-4ee4-8df5-6ac6f96b648a,T0007-POS,PURCHASE,SETTLED,CARD,PLN,65.87,2025-12-04T06:38:42.770Z,047726,VISA,411111******4494
0d270659-f72a-4a9b-af32-751e5738811d,T0032-POS,PURCHASE,SETTLED,BLIK,EUR,43.23,2025-09-24T14:11:14.054Z,461865,,
1e52d770-3f89-4142-be71-6b1415ce6a66,T0010-POS,REFUND,REFUNDED,BLIK,CZK,265.09,2025-08-20T12:18:17.809Z,,,
fd72b050-96a9-454f-9c33-e1f94c1f55ab,T0040-POS,PURCHASE,DECLINED,BLIK,CZK,168.41,2025-01-24T09:23:13.624Z,,,
2812859a-1337-439e-8d4f-5d272c7f0b79,T0048-POS,PURCHASE,SETTLED,DIGITAL_WALLET,PLN,56.10,2025-03-31T21:30:53.295Z,251516,VISA,411111******2573
a003cd28-ca8f-4653-89af-18f843b9da13,T0046-MOB,PURCHASE,SETTLED,BLIK,PLN,98.05,2025-03-18T19:48:31.435Z,968790,,
9854ce4e-4ebf-45c3-8ae9-b4a72a79ea68,T0008-ECO,PURCHASE,SETTLED,CARD,PLN,120.47,2025-04-23T02:02:44.449Z,062535,VISA,411111******1169
1497d658-7010-4719-be69-5d0d8a3c3b5e,T0008-MOB,PURCHASE,AUTHORIZED,BLIK,PLN,204.58,2025-10-13T06:21:08.330Z,524783,,
2cd94cbb-c19a-458c-835b-1c8c0a4c9f7f,T0039-MOB,PURCHASE,SETTLED,CARD,PLN,38.66,2025-12-22T18:25:02.284Z,604238,VISA,411111******4415
1ac70ec0-ab8d-4eb4-9230-dfbd5553b2fe,T0012-ECO,PURCHASE,AUTHORIZED,CARD,EUR,111.69,2025-09-27T09:30:26.507Z,428184,MASTERCARD,545454******5700
52c21221-409d-4602-9084-3242168b1625,T0019-ECO,PURCHASE,SETTLED,BANK_TRANSFER,PLN,41.72,2025-07-21T08:12:19.370Z,476919,,
70286046-49bc-473f-ad7b-f656218a1536,T0040-MOB,PURCHASE,SETTLED,BLIK,CZK,794.23,2025-01-12T05:04:57.996Z,575898,,
d7665cda-fe04-4059-b985-fb6217dc8eff,T0041-ECO,PURCHASE,SETTLED,DIGITAL_WALLET,EUR,166.56,2025-02-15T14:51:49.663Z,427809,VISA,411111******9048
25074181-8d1f-4540-b4ef-f5453e652603,T0010-MOB,PURCHASE,SETTLED,DIGITAL_WALLET,CZK,17.35,2025-07-17T09:08:54.764Z,495158,MASTERCARD,545454******7905
96418ced-d664-4264-8c6e-27ffb9de7a3a,T0009-POS,PURCHASE,SETTLED,CARD,PLN,66.90,2025-12-03T00:48:47.152Z,296578,MASTERCARD,545454******0042
fb140bc3-304b-4590-9e9e-37575260001e,T0029-ECO,PURCHASE,SETTLED,CARD,PLN,98.62,2025-04-01T16:57:35.876Z,978166,MASTERCARD,545454******7460
fb16e5db-a6ea-479e-921c-82f8cada4f80,T0050-MOB,PURCHASE,SETTLED,CARD,CZK,162.24,2025-11-25T04:20:17.450Z,695928,MASTERCARD,545454******6325
1327f1bc-2784-478f-b84f-16b3a79fbfaf,T0007-ECO,PURCHASE,SETTLED,BANK_TRANSFER,PLN,8.17,2025-05-12T11:37:09.638Z,913239,,
f4427e0b-6148-4bb3-889b-78d5dbfdd97e,T0045-MOB,PURCHASE,DECLINED,BLIK,PLN,14.61,2025-10-22T22:08:16.499Z,,,
1933918c-fa74-4761-af18-c1081723199d,T0035-POS,PURCHASE,SETTLED,CARD,PLN,202.04,2025-02-09T00:47:43.454Z,783041,MASTERCARD,545454******3727
3e83b91f-2544-4fe0-ae41-7d475ff595ea,T0011-ECO,PURCHASE,SETTLED,CARD,EUR,50.56,2025-11-04T18:49:00.184Z,375876,VISA,411111******4806
760debbb-3b70-43a1-a4a3-5cf29549c931,T0011-POS,PURCHASE,SETTLED,CARD,EUR,69.25,2025-09-16T23:24:21.009Z,957170,VISA,411111******8153
a3917c99-4c95-4f6a-966b-1964fcd6bdca,T0030-MOB,PURCHASE,SETTLED,BLIK,CZK,201.01,2025-05-30T09:36:03.873Z,362351,,
0212b554-4644-48b4-a553-867da881bfd3,T0031-POS,PURCHASE,SETTLED,CARD,EUR,64.07,2025-10-17T04:48:59.996Z,870357,MASTERCARD,545454******0359
9b689c88-3ae9-49fe-8c82-18dac696f5e6,T0004-ECO,PURCHASE,DECLINED,BLIK,PLN,86.77,2025-03-15T20:09:30.635Z,,,
4f1639a0-0a17-491e-a576-9411a0a11839,T0017-ECO,PURCHASE,SETTLED,DIGITAL_WALLET,PLN,34.23,2025-12-20T06:20:44.302Z,947287,VISA,411111******1591
2a1f955a-d499-4a99-85c4-5a3ee9da484a,T0021-ECO,PURCHASE,SETTLED,CARD,EUR,4.14,2025-07-07T03:08:50.990Z,526169,MASTERCARD,545454******8697
ad238d36-dc32-4c97-b9c1-e262f76c8ede,T0019-ECO,PURCHASE,SETTLED,DIGITAL_WALLET,PLN,14.88,2025-01-06T09:43:52.270Z,790785,VISA,411111******2306
066803ee-78b2-4549-bbdb-c09eacc216a0,T0035-POS,PURCHASE,SETTLED,CARD,PLN,20.97,2025-09-09T12:33:27.064Z,113609,MASTERCARD,545454******6086
7e1ca5a1-fef5-48a6-8dea-d6450986bbeb,T0041-MOB,PURCHASE,SETTLED,DIGITAL_WALLET,EUR,18.90,2025-07-28T18:17:51.138Z,992227,VISA,411111******0742
e2aa7a5d-278e-400d-ba02-66efbe055787,T0025-MOB,REFUND,REFUNDED,CARD,PLN,38.01,2025-07-10T01:02:41.630Z,,MASTERCARD,545454******9622
8b621d41-5e09-49ee-af88-bdecfb1e143b,T0027-MOB,PURCHASE,SETTLED,CARD,PLN,311.14,2025-01-24T12:22:03.407Z,104180,VISA,411111******5942
a3b5cece-a446-4e72-b64c-911aa9ab364a,T0018-POS,REFUND,REFUNDED,DIGITAL_WALLET,PLN,53.00,2025-11-02T13:27:25.341Z,,MASTERCARD,545454******1501
3748967f-961d-43ba-b508-43f08de08fc2,T0016-POS,PURCHASE,DECLINED,BLIK,PLN,90.03,2025-10-28T17:38:17.151Z,,,
1c24220e-2cab-47e7-8c6b-66e5402adf9c,T0039-POS,REVERSAL,REVERSED,CARD,PLN,59.36,2025-01-06T18:30:29.366Z,,VISA,411111******8850
72c22a16-79eb-4168-9045-56e5bee3eb79,T0016-ECO,PURCHASE,SETTLED,CARD,PLN,119.08,2025-02-12T08:27:25.462Z,119169,MASTERCARD,545454******8619
ffa361be-0f92-40e1-87f9-7d05f6ca6b8b,T0033-POS,PURCHASE,SETTLED,DIGITAL_WALLET,PLN,42.09,2025-09-24T10:53:31.110Z,674591,MASTERCARD,545454******7504
466772ce-204e-478c-90d0-8d1125f934bf,T0032-ECO,PURCHASE,SETTLED,BANK_TRANSFER,EUR,74.77,2025-10-04T13:44:42.332Z,637846,,
da509fed-1d4a-4d81-b3a7-d0e0cb08587d,T0025-ECO,PURCHASE,SETTLED,BLIK,PLN,391.62,2025-08-03T02:49:00.738Z,103996,,
18578baf-bac7-42b9-aa7e-4c3666132e69,T0014-MOB,PURCHASE,SETTLED,BLIK,PLN,28.00,2025-04-09T23:44:42.383Z,475528,,
be9d61ee-18b8-4245-ae8f-75a117dded81,T0010-ECO,PURCHASE,DECLINED,BANK_TRANSFER,CZK,1970.05,2025-08-05T01:45:04.061Z,,,
6c4596f6-c012-40ff-b0ed-e303aa53c19c,T0038-ECO,PURCHASE,SETTLED,BLIK,PLN,24.46,2025-03-24T14:52:09.158Z,916043,,
39e58ff0-92f8-47d4-8750-3f1dc33a1f6c,T0043-MOB,PURCHASE,DECLINED,CARD,PLN,77.12,2025-01-11T04:42:12.623Z,,MASTERCARD,545454******1882
24ac2130-deaf-428d-ae70-983801902620,T0043-ECO,PURCHASE,SETTLED,CARD,PLN,54.05,2025-02-25T02:22:03.758Z,368074,MASTERCARD,545454******5567
530ac1c7-b8ba-4368-8fc7-77685ebbcca5,T0041-POS,PURCHASE,SETTLED,CARD,EUR,134.06,2025-02-02T23:51:25.904Z,165055,MASTERCARD,545454******5585
7129cec7-9b69-454d-bc54-535f6c8c3b6a,T0004-POS,PURCHASE,SETTLED,CARD,PLN,37.05,2025-07-18T23:24:49.116Z,694093,MASTERCARD,545454******7259
0e0630cd-996d-4c50-bc04-a168652ffb49,T0023-MOB,PURCHASE,SETTLED,CARD,PLN,25.17,2025-04-10T05:36:51.296Z,231230,MASTERCARD,545454******0744
d556b37d-8f08-41ee-8011-316b3ae88926,T0021-POS,PURCHASE,SETTLED,CARD,EUR,69.85,2025-06-04T04:58:17.882Z,737852,MASTERCARD,545454******8725
a3e05309-b5a1-4949-a788-420992ca525a,T0048-POS,PURCHASE,SETTLED,CARD,PLN,38.11,2025-01-09T02:23:49.989Z,450137,MASTERCARD,545454******9433
6fcc57dd-168f-4e12-9ca2-60c9eb7607c9,T0021-POS,PURCHASE,DECLINED,BLIK,EUR,97.61,2025-08-17T16:40:41.410Z,,,
87d5b7be-1d30-4990-a21b-030782af085c,T0034-POS,PURCHASE,SETTLED,CARD,PLN,53.60,2025-05-16T16:24:48.359Z,080089,MASTERCARD,545454******2754
a7cf705c-c257-4f73-829d-782b2722796e,T0047-ECO,PURCHASE,SETTLED,DIGITAL_WALLET,PLN,67.32,2025-08-07T22:23:43.778Z,631661,VISA,411111******2842
a09151e0-f891-40c3-9d3f-487e52bdc661,T0038-MOB,PURCHASE,SETTLED,BLIK,PLN,25.46,2025-07-02T02:39:40.452Z,654858,,
09a0a0f6-73b0-4091-b634-c1694f76e388,T0041-MOB,PURCHASE,SETTLED,BLIK,EUR,217.72,2025-07-16T22:12:52.393Z,077794,,
925817b7-cf50-4889-a8b7-7f7b7321bf6b,T0030-ECO,PURCHASE,DECLINED,BLIK,CZK,328.11,2025-07-04T17:11:01.513Z,,,
3f6c21f7-0a05-47f0-ac2c-d22ba56895c6,T0010-POS,PURCHASE,DECLINED,CARD,CZK,248.45,2025-05-22T07:46:29.381Z,,VISA,411111******8266
62f5df2b-adaa-44ca-8ed6-ad5e18318aa3,T0019-MOB,PURCHASE,SETTLED,CARD,PLN,11.70,2025-09-12T23:37:14.987Z,345705,MASTERCARD,545454******1079
2102f9c9-6457-4bc4-a981-b098b2cf952d,T0039-POS,PURCHASE,SETTLED,CARD,PLN,620.09,2025-05-01T05:30:44.572Z,687923,MASTERCARD,545454******5082
4f11d8dc-5cd3-4369-84aa-c1b75ca0c428,T0025-ECO,PURCHASE,SETTLED,DIGITAL_WALLET,PLN,22.24,2025-10-25T13:05:36.497Z,533188,VISA,411111******6937
e238fe93-bd17-45e8-95ca-69ab8a2e6a93,T0013-POS,PURCHASE,SETTLED,DIGITAL_WALLET,PLN,51.14,2025-12-07T08:34:21.784Z,808320,VISA,411111******8317
b836c448-ad26-4ec5-9d42-b9e9692e07b6,T0040-POS,PURCHASE,SETTLED,CARD,CZK,99.41,2025-04-21T15:43:14.770Z,045814,VISA,411111******7170
fc043f08-9207-4158-b277-1f63ada58417,T0048-MOB,PURCHASE,AUTHORIZED,CARD,PLN,28.73,2025-10-30T04:38:30.391Z,385709,MASTERCARD,545454******3178
5f07c1a5-dfc6-40ce-bb07-fd31a4244f23,T0033-ECO,PURCHASE,SETTLED,CARD,PLN,49.61,2025-11-25T12:17:14.528Z,054714,VISA,411111******4096
d11376e0-38d7-4b9a-a916-da57f24823ab,T0008-MOB,PURCHASE,SETTLED,CARD,PLN,39.29,2025-01-11T08:35:03.424Z,096168,VISA,411111******7167
519554e3-0737-4c86-b97b-5f515ffa46ef,T0004-MOB,PURCHASE,PENDING,BLIK,PLN,153.42,2025-02-23T10:31:16.039Z,,,
144823f7-e7e6-46c7-8158-24639d8776a0,T0019-MOB,PURCHASE,SETTLED,BLIK,PLN,61.80,2025-10-29T10:27:11.295Z,470392,,
98c3e3ca-7ff4-4ec6-a7b7-b4c6d6312a80,T0016-MOB,PURCHASE,SETTLED,CARD,PLN,52.88,2025-08-12T07:49:50.247Z,116242,MASTERCARD,545454******1029
f982f4e0-8603-456a-95ea-cbcfab1021ce,T0046-POS,PURCHASE,SETTLED,CARD,PLN,63.69,2025-07-17T03:23:07.567Z,696643,MASTERCARD,545454******3068
114b9547-c9dc-42b8-9b6a-810204287378,T0002-MOB,PURCHASE,SETTLED,DIGITAL_WALLET,EUR,16.49,2025-09-01T23:46:45.106Z,783618,MASTERCARD,545454******4155
2cd2a404-a48e-40f1-9042-1dfa56ab087a,T0050-ECO,PURCHASE,SETTLED,BLIK,CZK,1348.75,2025-09-28T01:29:51.490Z,572536,,
0b36e356-339b-47a8-8b1f-0d7b0977c513,T0041-POS,PURCHASE,SETTLED,BLIK,EUR,28.26,2025-06-04T15:43:01.834Z,479911,,
1fdd980a-45f1-4619-94f9-0429a7de02cc,T0035-MOB,PURCHASE,SETTLED,CARD,PLN,111.28,2025-06-05T08:28:23.761Z,907855,MASTERCARD,545454******0783
6cac028c-ba22-4065-9526-0718cd180a82,T0029-MOB,PURCHASE,SETTLED,CARD,PLN,7.26,2025-11-16T08:46:34.184Z,279676,MASTERCARD,545454******8507
b0946d2a-2aa9-4b43-ad15-f16fb7b8c1a5,T0035-MOB,PURCHASE,SETTLED,CARD,PLN,37.56,2025-10-10T06:24:04.890Z,631894,MASTERCARD,545454******7305
abd2b512-1335-45db-8eaf-04b5f2a9dc8a,T0023-ECO,PURCHASE,PENDING,BANK_TRANSFER,PLN,64.75,2025-11-08T02:45:20.767Z,,,
a52964ff-c74c-4890-bc6a-3174113634a5,T0044-POS,PURCHASE,SETTLED,DIGITAL_WALLET,PLN,30.83,2025-08-09T07:06:11.033Z,132361,MASTERCARD,545454******0570
233ffc82-92ec-49af-93ae-c376c359810a,T0039-POS,REFUND,REFUNDED,CARD,PLN,48.62,2025-09-10T06:20:41.285Z,,MASTERCARD,545454******7273
36ee1640-723e-4466-b43b-d27f42a259a6,T0016-POS,PURCHASE,SETTLED,CARD,PLN,182.04,2025-02-17T15:03:49.138Z,812609,VISA,411111******4288
8acbbe09-8ccc-4cea-909f-d8eeb5a47200,T0005-MOB,PURCHASE,PENDING,CARD,PLN,26.74,2025-03-03T04:03:19.728Z,,MASTERCARD,545454******5692
238d6f44-cac4-40eb-b373-730efc31a597,T0046-ECO,PURCHASE,SETTLED,BLIK,PLN,18.31,2025-05-21T03:47:57.567Z,127257,,
161237c9-e25d-49a8-9ca8-a5c42138afe0,T0037-MOB,REVERSAL,REVERSED,BLIK,PLN,12.96,2025-10-06T10:18:19.736Z,,,
ae1b9f69-7740-4831-b331-874912fc7a87,T0031-ECO,PURCHASE,SETTLED,CARD,EUR,46.25,2025-11-18T23:20:26.798Z,673540,VISA,411111******5194
d4d60735-0e2f-4958-9e43-1e06e9247069,T0036-ECO,PURCHASE,SETTLED,BLIK,PLN,20.88,2025-03-05T22:42:54.165Z,527290,,
f4d375c1-a293-49fa-b240-d7a14027ab7d,T0021-ECO,REFUND,REFUNDED,CARD,EUR,49.39,2025-04-28T14:31:47.629Z,,MASTERCARD,545454******1292
9aea622f-e6e9-47ca-b87b-63849fddde2e,T0035-POS,PURCHASE,AUTHORIZED,CARD,PLN,84.12,2025-03-23T20:52:35.785Z,690731,VISA,411111******2804
f4e7069a-a454-4937-8a27-ebf28baaf744,T0037-MOB,PURCHASE,DECLINED,BLIK,PLN,28.51,2025-11-10T13:02:27.701Z,,,
5716dc2e-343a-4a2a-b6e5-ae787bf7e1d3,T0026-MOB,PURCHASE,SETTLED,BLIK,PLN,58.33,2025-10-06T23:37:38.326Z,435810,,
7318b96d-4479-4612-9f5d-988f776abf09,T0047-MOB,PURCHASE,SETTLED,DIGITAL_WALLET,PLN,27.69,2025-04-23T16:58:18.968Z,253480,VISA,411111******5228
500e15c0-b89b-4f7f-93e3-4c35ef0a573d,T0025-ECO,REFUND,REFUNDED,CARD,PLN,23.74,2025-07-19T21:34:59.478Z,,VISA,411111******5364
95560a2d-3713-4466-bda0-6476f778c676,T0032-MOB,PURCHASE,SETTLED,BLIK,EUR,34.27,2025-07-12T04:44:53.611Z,479441,,
5da39a73-ba3d-47ff-83b4-7ee5e1e89e7e,T0042-ECO,PURCHASE,DECLINED,CARD,EUR,91.28,2025-06-05T13:41:28.052Z,,MASTERCARD,545454******2194
ae2e9af9-9f8c-429f-bd35-0c5fd3479a3b,T0037-ECO,PURCHASE,SETTLED,CARD,PLN,55.62,2025-02-07T13:08:12.403Z,293308,MASTERCARD,545454******9008
0a4e2552-8005-4b10-a6c1-4dca8255da61,T0024-MOB,PURCHASE,SETTLED,BLIK,PLN,25.94,2025-06-27T11:26:31.152Z,631728,,
827c9f8c-d40a-45e9-81df-6517561c9210,T0039-ECO,PURCHASE,SETTLED,CARD,PLN,54.08,2025-04-27T10:15:02.486Z,622565,MASTERCARD,545454******4902
a7d4cf50-f791-41e5-83f9-cd6b797ebe87,T0002-MOB,PURCHASE,SETTLED,CARD,EUR,390.81,2025-08-13T07:56:34.233Z,625905,MASTERCARD,545454******0436
9293f705-0815-4147-be00-980eae441e21,T0047-POS,PURCHASE,SETTLED,CARD,PLN,13.43,2025-02-28T19:26:29.422Z,861574,MASTERCARD,545454******2421
ff84faef-5336-423b-8f96-468535145890,T0045-POS,PURCHASE,AUTHORIZED,CARD,PLN,80.36,2025-05-02T20:23:10.979Z,543878,VISA,411111******2262
476cf68c-3f1b-40d0-b514-105831383975,T0012-MOB,PURCHASE,SETTLED,DIGITAL_WALLET,EUR,50.83,2025-04-26T13:58:07.789Z,507699,MASTERCARD,545454******9995
46015028-b8be-4f3d-8b9f-af6def3a6f27,T0019-ECO,PURCHASE,SETTLED,CARD,PLN,19.04,2025-07-30T22:54:21.388Z,979055,MASTERCARD,545454******9183
41a64fed-a7ed-48d8-b13f-8f8cec8be537,T0026-MOB,PURCHASE,SETTLED,DIGITAL_WALLET,PLN,76.69,2025-11-18T13:04:09.551Z,363188,MASTERCARD,545454******1294
ab7a3d1c-0cfe-4683-be11-bafe3d4196fe,T0018-ECO,PURCHASE,SETTLED,BLIK,PLN,109.69,2025-04-01T10:11:38.053Z,615336,,
682b163a-286e-4390-add9-7a1afa585b27,T0007-MOB,PURCHASE,SETTLED,CARD,PLN,402.47,2025-07-04T17:50:31.488Z,577086,VISA,411111******0084
a6fd0cb1-16e6-45c0-84cb-294fe86e8e63,T0042-POS,PURCHASE,SETTLED,BLIK,EUR,58.77,2025-10-08T19:56:42.870Z,062036,,
bfbeac7a-efc5-4738-afb2-1e667ed17aab,T0003-POS,PURCHASE,AUTHORIZED,CARD,PLN,50.94,2025-05-11T02:49:07.291Z,826236,VISA,411111******6504
315c167a-45d8-46ad-b7d0-359e811414f8,T0030-ECO,PURCHASE,AUTHORIZED,BLIK,CZK,493.22,2025-10-11T22:31:30.469Z,892400,,
317304b5-c1dd-484a-aca5-8d95915a1c30,T0042-MOB,PURCHASE,SETTLED,BLIK,EUR,46.00,2025-09-17T21:55:00.097Z,309355,,
546252e7-f43b-4052-8459-bd6ec0f63229,T0012-POS,PURCHASE,SETTLED,CARD,EUR,13.12,2025-01-05T10:35:19.267Z,468436,MASTERCARD,545454******3858
80a52e65-afa2-4559-a7c9-620428e333b6,T0042-MOB,PURCHASE,SETTLED,BLIK,EUR,199.28,2025-09-06T01:13:15.938Z,321709,,
9b11b530-fd24-4c11-bf6b-8cdf74797b61,T0019-MOB,PURCHASE,SETTLED,BLIK,PLN,21.60,2025-12-21T11:53:01.482Z,160626,,
13fe8a29-5c9d-4ee0-b42a-045687365a84,T0049-ECO,PURCHASE,SETTLED,DIGITAL_WALLET,PLN,14.84,2025-03-05T21:35:50.335Z,468449,VISA,411111******8609
21c71aa3-7414-43b5-8e3e-25f2cf0671c7,T0034-MOB,PURCHASE,SETTLED,CARD,PLN,46.61,2025-01-23T10:08:44.572Z,467122,VISA,411111******8361
58330b30-6c77-4e95-8b98-1ccd12b2102d,T0030-ECO,PURCHASE,SETTLED,DIGITAL_WALLET,CZK,472.79,2025-01-24T09:37:23.957Z,606403,VISA,411111******3570
eac80da1-de9f-4f5b-b2d3-545861ea2f30,T0005-MOB,PURCHASE,SETTLED,CARD,PLN,136.68,2025-09-23T03:30:29.987Z,934631,MASTERCARD,545454******6135
d5b6de85-3902-49d9-ba8d-ae42ba54e920,T0043-ECO,PURCHASE,SETTLED,CARD,PLN,15.50,2025-07-31T10:35:54.434Z,133533,MASTERCARD,545454******8664
1ce362f8-c3f7-45fe-b99b-2b5ae00da49d,T0035-MOB,PURCHASE,SETTLED,DIGITAL_WALLET,PLN,984.39,2025-12-12T06:27:57.016Z,982946,MASTERCARD,545454******3088
3bfda8a6-705f-4df5-a6fa-dca00b531932,T0016-POS,PURCHASE,SETTLED,CARD,PLN,59.01,2025-10-29T09:26:14.057Z,776513,VISA,411111******4009
991121e7-93d5-43ae-91a3-ac26937bf79b,T0009-ECO,PURCHASE,DECLINED,BANK_TRANSFER,PLN,586.60,2025-04-03T00:06:20.309Z,,,
bc36dc59-e134-4dfc-9777-7f10f2d2393f,T0010-ECO,PURCHASE,SETTLED,BLIK,CZK,1476.31,2025-06-15T21:47:52.569Z,583761,,
6883ac6e-6a94-4054-b241-4482519894d8,T0032-POS,REFUND,REFUNDED,DIGITAL_WALLET,EUR,17.03,2025-10-20T23:40:03.550Z,,MASTERCARD,545454******8592
8ff8869d-0ec0-413d-aa2c-7a517688d11f,T0031-POS,PURCHASE,SETTLED,BLIK,EUR,34.58,2025-07-25T19:52:54.137Z,844917,,
30c36756-d453-4867-b97e-6224891f6912,T0025-POS,PURCHASE,SETTLED,CARD,PLN,13.00,2025-08-23T22:43:26.617Z,096955,MASTERCARD,545454******6079
4d9dbaeb-553d-4625-a833-4da5de95d695,T0003-POS,PURCHASE,SETTLED,CARD,PLN,42.62,2025-08-23T17:25:50.720Z,219036,VISA,411111******7854
42f5b3f5-4ef4-434d-9bf8-6f3ca6129a1c,T0014-MOB,PURCHASE,SETTLED,DIGITAL_WALLET,PLN,5.73,2025-06-30T23:28:21.100Z,559572,MASTERCARD,545454******7639
dd34aa18-9001-4ed4-8bb4-01e769f753f1,T0047-MOB,PURCHASE,SETTLED,BLIK,PLN,25.54,2025-04-12T06:35:27.566Z,328122,,
3ee82983-d557-4241-91dd-b9bf613d2de9,T0038-ECO,PURCHASE,SETTLED,BLIK,PLN,44.55,2025-09-23T23:13:59.345Z,241192,,
7d024c6d-8bea-45c1-b866-77aa23d4526b,T0017-MOB,PURCHASE,SETTLED,DIGITAL_WALLET,PLN,57.70,2025-01-29T20:48:34.967Z,177487,VISA,411111******5770
26a9e100-b509-409b-9166-58ce3b3f3800,T0043-POS,PURCHASE,DECLINED,BLIK,PLN,25.30,2025-09-16T22:36:16.956Z,,,
b8e19f56-8787-4a21-8448-2a220308aa5e,T0040-MOB,PURCHASE,SETTLED,BLIK,CZK,1042.87,2025-12-20T07:42:08.183Z,431319,,
5f804eeb-143a-4aff-a59b-0105cb80f288,T0007-POS,PURCHASE,SETTLED,CARD,PLN,191.80,2025-04-05T10:51:42.713Z,280310,MASTERCARD,545454******5807
17efa621-081c-49d4-8274-37eba65f7b8a,T0015-MOB,PURCHASE,SETTLED,BLIK,PLN,34.44,2025-07-04T20:41:20.057Z,899908,,
90dbfad6-54ce-46be-88cc-e2c2a518a418,T0041-POS,PURCHASE,DECLINED,BLIK,EUR,95.72,2025-04-16T06:47:20.047Z,,,
508211a5-d9b5-4f84-adc3-a1c32dea2d2d,T0005-ECO,PURCHASE,SETTLED,BANK_TRANSFER,PLN,20.29,2025-08-09T01:59:19.854Z,034500,,
0dbf0caf-588a-4f87-b96d-40f8bed63da0,T0025-ECO,PURCHASE,SETTLED,DIGITAL_WALLET,PLN,18.20,2025-01-30T12:32:29.348Z,525119,VISA,411111******1284
fe1a1ba9-c896-4c5b-85f8-c28da255e1bb,T0039-ECO,PURCHASE,SETTLED,BANK_TRANSFER,PLN,40.05,2025-08-03T18:41:06.963Z,031064,,
277b0667-4499-40a6-9500-717012d15585,T0025-MOB,PURCHASE,SETTLED,CARD,PLN,17.24,2025-03-01T21:57:53.757Z,747748,MASTERCARD,545454******4037
16591c89-21eb-4aa9-9a2b-d69c450f69ee,T0025-MOB,PURCHASE,AUTHORIZED,CARD,PLN,16.89,2025-08-04T10:33:05.524Z,798329,MASTERCARD,545454******5896
c777a07f-6346-44ef-a9ef-74e34ab6821c,T0027-POS,PURCHASE,SETTLED,CARD,PLN,51.87,2025-05-28T20:40:46.173Z,012940,MASTERCARD,545454******6311
13b11e59-c85c-4714-bbf6-95524cbc9044,T0009-MOB,PURCHASE,SETTLED,CARD,PLN,94.78,2025-08-28T11:46:11.200Z,441557,MASTERCARD,545454******4521
d2d33488-d0c3-4018-ae3c-dd4f55b145e4,T0030-POS,PURCHASE,SETTLED,CARD,CZK,89.17,2025-09-28T00:35:38.205Z,461607,MASTERCARD,545454******5399
47c1c017-6045-4909-936d-47d73e0f84ce,T0031-MOB,PURCHASE,SETTLED,CARD,EUR,109.33,2025-02-14T05:30:41.954Z,819959,MASTERCARD,545454******9435
cc351e4f-703e-457f-b5ab-8466b5578b00,T0037-POS,PURCHASE,SETTLED,CARD,PLN,13.94,2025-11-15T01:18:44.868Z,988780,VISA,411111******7563
fd9e8e20-72f6-4958-92ef-61016082786f,T0027-ECO,PURCHASE,SETTLED,CARD,PLN,66.83,2025-07-27T12:39:54.518Z,827406,VISA,411111******6932
a35fc9c1-9804-4562-8972-abbdcff2b1c4,T0045-MOB,PURCHASE,SETTLED,BLIK,PLN,12.33,2025-03-06T14:23:13.662Z,939001,,
38d5101f-423c-4d9d-993e-478302b34254,T0040-POS,PURCHASE,SETTLED,CARD,CZK,232.18,2025-08-14T10:49:21.704Z,111090,MASTERCARD,545454******7052
6a7d5d96-4ba1-4233-9ac3-bf317b96e2d1,T0037-POS,PURCHASE,SETTLED,CARD,PLN,367.35,2025-05-16T06:39:30.319Z,025755,VISA,411111******5651
73d39457-b25f-43df-b8d4-9848702ba49f,T0022-MOB,PURCHASE,SETTLED,BLIK,EUR,28.67,2025-11-11T15:28:48.727Z,102365,,
3e711433-bd90-481a-bbe0-e6b8ee0f65a8,T0008-POS,PURCHASE,SETTLED,BLIK,PLN,47.52,2025-05-09T13:02:49.573Z,172337,,
3283daa4-e212-4b7c-9d36-1cb6bcc57be0,T0028-MOB,PURCHASE,SETTLED,CARD,PLN,38.41,2025-01-02T17:28:38.721Z,030610,MASTERCARD,545454******6481
75220646-3273-45bf-9373-bf4d5da49cb9,T0014-POS,PURCHASE,SETTLED,CARD,PLN,5.98,2025-07-10T02:19:16.540Z,196041,VISA,411111******8796
9e0b7b01-7536-49ef-9873-dad95a1baf0e,T0041-MOB,PURCHASE,SETTLED,BLIK,EUR,8.00,2025-11-07T22:15:27.304Z,364825,,
82c56b21-2430-42da-b185-0eb85f90fc87,T0040-ECO,PURCHASE,SETTLED,CARD,CZK,139.12,2025-08-12T05:34:50.392Z,191936,MASTERCARD,545454******1916
23ea7956-49f1-437d-bd59-2e192ab7b2ef,T0028-POS,PURCHASE,DECLINED,CARD,PLN,205.06,2025-01-04T17:19:26.496Z,,VISA,411111******9091
68bd075b-7eb6-481e-a72f-947d816462cb,T0009-POS,REFUND,REFUNDED,BLIK,PLN,76.88,2025-11-23T04:21:32.454Z,,,
2b0fbe44-49e6-4c22-89a0-b7eb398f569b,T0032-POS,PURCHASE,SETTLED,CARD,EUR,135.48,2025-10-28T00:39:57.784Z,288204,MASTERCARD,545454******0535
8ac35ac4-5dea-4737-bdab-3441d2c2a960,T0032-ECO,PURCHASE,SETTLED,BLIK,EUR,102.32,2025-06-15T02:43:44.104Z,569488,,
164484a0-d115-4fff-9cb9-1d5f593c572b,T0048-ECO,PURCHASE,PENDING,DIGITAL_WALLET,PLN,83.07,2025-11-11T20:17:49.755Z,,MASTERCARD,545454******4305
ce315937-34fa-42b6-9043-7e4c34e50699,T0038-ECO,PURCHASE,SETTLED,CARD,PLN,13.95,2025-04-20T03:54:08.611Z,822974,VISA,411111******2281
22b5f457-1860-4d28-90af-b235ade68f51,T0035-POS,PURCHASE,SETTLED,CARD,PLN,91.95,2025-12-03T08:26:22.135Z,943881,MASTERCARD,545454******8428
93d228d4-2465-4c39-bd4d-2add64880945,T0016-POS,PURCHASE,SETTLED,BLIK,PLN,82.29,2025-05-26T16:51:34.462Z,709083,,
94fb09f0-53c9-4ae7-bcf0-7bb3f343d9eb,T0005-ECO,PURCHASE,SETTLED,DIGITAL_WALLET,PLN,197.12,2025-06-28T01:03:24.650Z,476782,MASTERCARD,545454******6046
52a74a41-44be-4486-bea5-a387363be5cb,T0043-ECO,PURCHASE,SETTLED,CARD,PLN,104.64,2025-08-13T10:43:55.133Z,864915,VISA,411111******7039
d6321d31-c8ac-4fcf-a04d-4d14197dbae1,T0037-MOB,PURCHASE,SETTLED,BLIK,PLN,41.30,2025-11-30T01:53:32.161Z,048174,,
28b2bf21-4d47-4ed6-a666-3769e1d46f82,T0029-MOB,REFUND,REFUNDED,CARD,PLN,15.02,2025-02-02T00:12:54.380Z,,VISA,411111******2161
00473139-185d-4528-b425-8e191758d47e,T0043-ECO,PURCHASE,SETTLED,CARD,PLN,26.23,2025-08-19T13:29:38.231Z,687326,VISA,411111******7032
3a9c4308-1221-4ddf-ba4a-902f21d63b0f,T0034-ECO,PURCHASE,SETTLED,CARD,PLN,21.22,2025-02-09T18:41:25.105Z,727744,VISA,411111******6919
9c3de1b0-022b-4683-9033-da6587cf63fd,T0021-MOB,PURCHASE,SETTLED,DIGITAL_WALLET,EUR,70.79,2025-10-08T13:33:16.218Z,071734,VISA,411111******2340
1f873b46-c0a0-473a-a3d7-e6a119b814fc,T0041-ECO,PURCHASE,SETTLED,CARD,EUR,57.37,2025-06-16T18:11:35.322Z,940145,VISA,411111******1420
4d38e415-e036-45fc-a88d-4108d8d994b8,T0009-POS,PURCHASE,SETTLED,CARD,PLN,12.36,2025-03-15T06:18:46.765Z,889079,MASTERCARD,545454******0439
3db788a6-1cdc-44c2-a2c9-65b27eb0f62a,T0026-MOB,PURCHASE,SETTLED,BLIK,PLN,44.62,2025-07-25T03:59:13.910Z,250967,,
c34201db-2c3a-4cdc-aed5-4a468bde005b,T0001-MOB,PURCHASE,DECLINED,DIGITAL_WALLET,EUR,1.00,2025-01-29T08:19:59.017Z,,MASTERCARD,545454******5986
c4615234-8044-4eb2-b66e-dbf4a0ea0251,T0038-POS,PURCHASE,AUTHORIZED,CARD,PLN,27.48,2025-02-02T00:16:58.655Z,300404,MASTERCARD,545454******8300
cedd069d-f96c-4a0a-b404-c02aebc1bb52,T0035-ECO,PURCHASE,SETTLED,BLIK,PLN,18.58,2025-08-16T17:59:25.649Z,536141,,
0ed2ec9d-3d17-4712-98b2-2277f413db19,T0049-ECO,PURCHASE,SETTLED,BLIK,PLN,8.17,2025-01-22T08:54:14.316Z,765416,,
7f14eafa-29f0-4f7c-82e7-df89b3957a98,T0043-ECO,PURCHASE,SETTLED,BLIK,PLN,227.99,2025-11-01T01:58:07.842Z,143876,,
ce9e9ebd-55c3-4853-8783-e43ce65fad87,T0047-MOB,PURCHASE,SETTLED,CARD,PLN,34.65,2025-04-13T02:52:06.729Z,808903,MASTERCARD,545454******1934
c5f8e2f8-414f-4994-a845-77805e20c957,T0037-ECO,PURCHASE,SETTLED,CARD,PLN,9.04,2025-10-08T16:46:57.118Z,174987,MASTERCARD,545454******9287
5d2d904f-78c5-4073-8bc5-72073e9aec86,T0015-ECO,PURCHASE,DECLINED,BLIK,PLN,35.30,2025-12-28T15:02:27.983Z,,,
51e744e4-b864-4a08-aa75-752d6a8fcacb,T0003-ECO,PURCHASE,SETTLED,DIGITAL_WALLET,PLN,29.21,2025-05-25T18:49:26.122Z,260322,VISA,411111******5272
66a302d6-f43e-4c48-8bc1-f9e5fb3df063,T0033-ECO,PURCHASE,DECLINED,BANK_TRANSFER,PLN,11.22,2025-04-20T15:17:26.792Z,,,
3e19fc1d-9f6a-4a65-bd54-da044dcd0009,T0020-MOB,PURCHASE,SETTLED,CARD,CZK,192.07,2025-07-11T14:27:17.791Z,822615,MASTERCARD,545454******9237
061efb95-68f8-4063-aeb1-9ad201a1fb0f,T0050-POS,PURCHASE,SETTLED,BLIK,CZK,110.90,2025-11-23T01:23:48.710Z,157880,,
3cf88d20-fbad-493f-87a1-ec0234879e41,T0001-MOB,PURCHASE,DECLINED,CARD,EUR,1.29,2025-02-25T07:01:01.728Z,,MASTERCARD,545454******1703
15bc2a3e-bf76-45d7-b97c-6c3c755d814b,T0018-POS,PURCHASE,DECLINED,CARD,PLN,59.16,2025-09-05T11:16:50.839Z,,MASTERCARD,545454******6102
ed1115d7-50a4-4c85-99d5-7b0242d04d55,T0026-POS,PURCHASE,SETTLED,CARD,PLN,250.73,2025-10-13T13:59:07.334Z,305844,VISA,411111******3879
50647c59-774f-4354-b316-ce642a147a96,T0021-MOB,PURCHASE,SETTLED,CARD,EUR,31.64,2025-10-27T04:03:32.212Z,110790,VISA,411111******2546
b46788bd-d38e-43e4-8de1-087bafa14a55,T0029-MOB,PURCHASE,SETTLED,BLIK,PLN,63.56,2025-11-21T15:23:00.877Z,846826,,
07f4fee5-2c82-489f-bd9c-fbb0d1f16485,T0021-POS,PURCHASE,SETTLED,CARD,EUR,55.33,2025-02-06T18:54:12.473Z,272804,VISA,411111******4896
afb06406-5f4b-4a97-a68c-879bd2dc42c8,T0007-POS,PURCHASE,SETTLED,CARD,PLN,83.86,2025-08-15T03:39:04.600Z,207757,VISA,411111******2141
d450afa2-d8e7-4aeb-a7b3-3085178be968,T0017-POS,PURCHASE,DECLINED,CARD,PLN,81.77,2025-06-29T00:47:02.051Z,,MASTERCARD,545454******2110
2fe922aa-e886-4011-b6f7-a26c5a9c0679,T0011-ECO,PURCHASE,SETTLED,CARD,EUR,22.27,2025-02-27T17:20:42.035Z,181201,MASTERCARD,545454******6990
1674eb65-0f9c-4300-baa1-c5678cf9eea9,T0040-ECO,PURCHASE,SETTLED,BLIK,CZK,144.25,2025-03-19T11:04:53.658Z,925660,,
58129eb2-7c13-447a-880c-21958b6584ce,T0034-POS,PURCHASE,SETTLED,CARD,PLN,185.44,2025-05-31T19:58:33.276Z,502985,MASTERCARD,545454******5883
8788dfed-78c0-4ed8-bdd4-ff21cf03f0c8,T0012-POS,PURCHASE,DECLINED,CARD,EUR,24.83,2025-04-01T09:30:00.997Z,,MASTERCARD,545454******0959
636fa890-cc21-4bdb-bb8f-e8c4d8b48ead,T0011-POS,PURCHASE,SETTLED,CARD,EUR,9.49,2025-11-25T06:01:47.177Z,603656,VISA,411111******3594
9027e770-2460-40d2-9048-83c191519998,T0012-POS,PURCHASE,SETTLED,CARD,EUR,48.80,2025-01-15T17:50:51.092Z,993587,VISA,411111******5761
2d6e0291-b789-4986-973b-fc172167c35e,T0004-POS,PURCHASE,SETTLED,CARD,PLN,269.07,2025-10-28T17:37:08.113Z,845619,MASTERCARD,545454******3300
22ee7f07-5296-4fb3-8d40-7b285628ddcd,T0034-MOB,PURCHASE,AUTHORIZED,DIGITAL_WALLET,PLN,33.11,2025-07-09T05:01:59.664Z,105939,MASTERCARD,545454******9601
392612e9-5b58-4b49-8978-4b529d1c0838,T0021-POS,PURCHASE,DECLINED,BLIK,EUR,206.54,2025-05-27T22:47:43.314Z,,,
ebc92914-5176-49d1-9a36-24d62e9ce8ff,T0047-ECO,PURCHASE,SETTLED,CARD,PLN,174.72,2025-09-06T09:56:24.579Z,033955,MASTERCARD,545454******9297
d2586d90-16b6-4f61-b68c-62e6e2a45909,T0007-MOB,PURCHASE,SETTLED,CARD,PLN,120.70,2025-12-11T08:12:35.343Z,667090,MASTERCARD,545454******2750
702f31e5-62cc-4604-8c53-644b0053f649,T0029-POS,PURCHASE,SETTLED,CARD,PLN,164.25,2025-05-28T01:51:25.359Z,755408,MASTERCARD,545454******1770
d883e3f8-cc98-43de-92de-9e5a7387928a,T0035-MOB,PURCHASE,DECLINED,CARD,PLN,28.28,2025-05-13T17:53:00.174Z,,VISA,411111******2664
fc3b0de5-9812-42ac-9683-ede017d5b563,T0025-POS,PURCHASE,DECLINED,BLIK,PLN,65.16,2025-01-13T00:52:39.441Z,,,
b8d77d2f-8dda-4ff2-b27b-7bb468c690b2,T0042-POS,PURCHASE,SETTLED,CARD,EUR,218.67,2025-09-14T13:13:07.288Z,199212,MASTERCARD,545454******3367
166ecfe3-6d77-4595-80fa-0eb45c5f48d4,T0020-POS,PURCHASE,SETTLED,CARD,CZK,78.78,2025-08-22T02:24:51.491Z,057152,MASTERCARD,545454******2516
65c06b93-c8ed-4bdd-8ef0-3f801d91fe39,T0013-POS,PURCHASE,SETTLED,CARD,PLN,27.82,2025-04-13T22:01:12.093Z,884756,VISA,411111******7758
436e3c49-770e-49db-b092-d40143675d58,T0042-ECO,PURCHASE,SETTLED,CARD,EUR,23.52,2025-01-24T22:31:14.154Z,046784,VISA,411111******7303
96f84ff7-c1a7-4883-b880-287869fb0763,T0049-ECO,PURCHASE,SETTLED,BLIK,PLN,27.17,2025-05-31T08:05:25.838Z,567750,,
da9bccc1-e71c-481a-a511-e61a143665f5,T0034-MOB,PURCHASE,AUTHORIZED,DIGITAL_WALLET,PLN,93.54,2025-12-16T16:50:58.529Z,313369,VISA,411111******7803
2acb4fbd-fbff-4a7d-b2f5-b1762c41cbd3,T0037-ECO,PURCHASE,AUTHORIZED,BANK_TRANSFER,PLN,14.70,2025-09-23T07:11:27.445Z,470852,,
537d0bd1-8d53-4c75-a5b9-0e948e6de263,T0013-ECO,PURCHASE,SETTLED,CARD,PLN,159.77,2025-12-23T04:34:06.894Z,406951,VISA,411111******1425
9682d9ff-910c-4cb7-a5f0-6b0a264ef59d,T0001-ECO,PURCHASE,SETTLED,BLIK,EUR,419.18,2025-12-03T21:27:19.548Z,434574,,
9e45455e-24d3-4751-a729-4d3c46818a88,T0023-MOB,PURCHASE,SETTLED,CARD,PLN,82.14,2025-01-16T01:28:45.405Z,180564,MASTERCARD,545454******0613
4f9a5f98-4d95-4273-8b2c-c805d1403430,T0022-ECO,PURCHASE,AUTHORIZED,CARD,EUR,21.30,2025-09-28T08:53:39.701Z,354278,MASTERCARD,545454******0331
9adfe981-6ab1-4e15-ba92-992e44f8b53c,T0007-POS,REFUND,REFUNDED,CARD,PLN,60.79,2025-03-24T02:18:08.935Z,,MASTERCARD,545454******5257
b5a6571c-4fa5-435e-90cc-460428b26b1b,T0027-ECO,PURCHASE,SETTLED,CARD,PLN,45.31,2025-11-27T14:38:51.536Z,829937,VISA,411111******8442
5c418a83-eb04-459c-8cf1-73f974d9d1f5,T0037-POS,PURCHASE,SETTLED,CARD,PLN,72.50,2025-11-16T19:38:05.475Z,034677,VISA,411111******4087
2d761ffa-7233-45af-9813-3da17d2120ad,T0033-MOB,PURCHASE,SETTLED,BLIK,PLN,201.07,2025-08-03T02:48:09.358Z,390559,,
62f5f7c2-0706-4ec2-88fa-4e981723ecdb,T0023-POS,PURCHASE,DECLINED,BLIK,PLN,82.35,2025-03-27T23:08:29.662Z,,,
99e4704c-2c56-40cd-a5ba-247221df5609,T0015-ECO,PURCHASE,SETTLED,CARD,PLN,86.92,2025-08-25T06:10:33.824Z,955793,VISA,411111******7767
4082fcda-7580-44e9-9945-0186da018d29,T0020-ECO,PURCHASE,SETTLED,BANK_TRANSFER,CZK,111.80,2025-07-22T04:41:48.844Z,394763,,
5fcd859e-d6e1-4109-97e1-74e6f76b9723,T0040-MOB,PURCHASE,PENDING,BLIK,CZK,289.74,2025-04-20T18:44:22.305Z,,,
e4729be5-f3c2-444a-b60a-3dcca7f77451,T0044-POS,PURCHASE,SETTLED,CARD,PLN,61.57,2025-07-20T21:31:32.783Z,273832,MASTERCARD,545454******4536
b8a60402-23d2-4b8d-ae46-024d51d05ef3,T0016-POS,PURCHASE,SETTLED,BLIK,PLN,8.85,2025-04-25T19:14:05.265Z,692616,,
88ddd880-afb2-4b3d-b8ec-cb4db69f5eab,T0027-MOB,PURCHASE,SETTLED,CARD,PLN,70.29,2025-09-18T22:16:05.367Z,761842,VISA,411111******5622
bdacdc5e-20c0-4275-b885-187d18fc83b7,T0033-MOB,PURCHASE,DECLINED,DIGITAL_WALLET,PLN,5.15,2025-10-24T06:54:47.934Z,,VISA,411111******4813
5f269466-54d1-432a-a308-2ddcc9c04b7d,T0012-ECO,PURCHASE,SETTLED,DIGITAL_WALLET,EUR,24.98,2025-11-27T13:53:18.120Z,440897,VISA,411111******5031
801f4909-31cd-4f6e-a3b1-6d3678e36397,T0031-POS,PURCHASE,AUTHORIZED,BLIK,EUR,5.80,2025-07-25T18:27:10.305Z,074675,,
91c46efc-fcb8-46bb-a8c0-cbef57b936b0,T0027-POS,PURCHASE,PENDING,BLIK,PLN,31.82,2025-06-25T13:26:29.280Z,,,
6744cb9e-6ded-4ba5-a22c-3d4f6f07b60f,T0014-POS,PURCHASE,SETTLED,CARD,PLN,35.41,2025-01-02T19:31:10.038Z,644328,VISA,411111******2120
d54e7948-c1c0-45e3-927c-8f50e45a87e8,T0035-POS,REFUND,REFUNDED,BLIK,PLN,47.19,2025-01-02T14:26:12.641Z,,,
10b6a662-2ac1-45ca-8e5d-8f1296b31f4a,T0047-POS,PURCHASE,SETTLED,CARD,PLN,98.65,2025-04-23T22:42:41.466Z,527786,VISA,411111******6284
ff02f5b0-57bd-46c9-a240-063bfed747be,T0047-ECO,PURCHASE,DECLINED,BLIK,PLN,130.93,2025-03-15T04:15:28.168Z,,,
b60b4f87-5dd8-4ffc-9f87-8b322b429596,T0026-POS,PURCHASE,SETTLED,CARD,PLN,58.46,2025-12-07T09:59:00.655Z,529146,VISA,411111******9661
0c5921f8-050d-4bfe-960b-f603a750350e,T0017-ECO,PURCHASE,SETTLED,BLIK,PLN,78.11,2025-05-28T16:13:19.126Z,113365,,
a962d996-6bbe-4b5a-8d15-f7d80261c87a,T0036-MOB,PURCHASE,SETTLED,BLIK,PLN,10.73,2025-08-30T20:53:45.620Z,660929,,
32da81f0-7f6b-43c6-9b34-1937c8e60939,T0045-POS,PURCHASE,SETTLED,CARD,PLN,103.77,2025-11-19T22:07:50.535Z,119550,VISA,411111******4631
eee13cae-b02e-41aa-b52b-6ec8e90d21cb,T0013-MOB,PURCHASE,SETTLED,BLIK,PLN,42.81,2025-01-05T22:49:58.687Z,520465,,
b93b770c-1336-4c0c-82ff-1f2ec78f07cf,T0006-POS,PURCHASE,SETTLED,BLIK,PLN,70.51,2025-04-25T23:07:36.270Z,094458,,
bd10f87c-6d0e-4597-900d-92a7ad409244,T0030-POS,PURCHASE,SETTLED,CARD,CZK,38.52,2025-05-08T15:20:27.366Z,840534,MASTERCARD,545454******5901
74dfb83f-f659-4188-a676-cc7566995af5,T0029-ECO,PURCHASE,SETTLED,CARD,PLN,23.64,2025-11-27T08:50:01.489Z,119361,MASTERCARD,545454******2996
7b90942f-973b-4977-a946-28206a80cac2,T0027-ECO,PURCHASE,SETTLED,DIGITAL_WALLET,PLN,224.16,2025-03-12T09:28:15.625Z,108751,VISA,411111******2611
2172a0aa-e44a-413a-b933-a9faba2eeeb3,T0025-MOB,PURCHASE,DECLINED,BLIK,PLN,42.24,2025-12-11T16:58:30.421Z,,,
9e44e98c-b359-490e-b030-9aaf85ea16e0,T0029-POS,PURCHASE,SETTLED,CARD,PLN,5.74,2025-04-07T12:54:19.493Z,544315,VISA,411111******5542
9ce7eed1-fcdf-4961-a45e-2ad08eefa5dd,T0023-ECO,PURCHASE,DECLINED,BLIK,PLN,10.65,2025-04-04T13:16:28.338Z,,,
72b696ca-92b2-4acd-8d1f-75a371b65ca1,T0018-POS,PURCHASE,SETTLED,CARD,PLN,10.92,2025-05-03T17:54:25.121Z,481395,VISA,411111******1291
1744ee3f-d36e-41bd-800b-1f5e8c91bd13,T0032-ECO,PURCHASE,SETTLED,BLIK,EUR,382.67,2025-08-07T09:19:10.211Z,584194,,
9ea87552-c475-46bf-8f66-0bbd54fc286f,T0042-ECO,PURCHASE,DECLINED,CARD,EUR,81.87,2025-05-22T02:09:02.733Z,,VISA,411111******7445
1b37ef19-b3bc-412f-9fb7-474e85a0d089,T0029-POS,PURCHASE,SETTLED,CARD,PLN,5.06,2025-10-08T05:25:05.419Z,574295,MASTERCARD,545454******4783
c80b2af7-d315-4afa-b500-f7853730dfba,T0007-MOB,PURCHASE,AUTHORIZED,BLIK,PLN,20.05,2025-10-22T01:08:36.424Z,411981,,
22778161-8113-47a8-b4c8-e39396dd6c82,T0003-ECO,PURCHASE,SETTLED,DIGITAL_WALLET,PLN,110.72,2025-06-18T02:05:06.858Z,690441,MASTERCARD,545454******7493
99bd6240-a853-4961-a32d-03021a82833c,T0038-MOB,PURCHASE,DECLINED,DIGITAL_WALLET,PLN,58.47,2025-12-09T07:09:19.393Z,,VISA,411111******2103
ce072a52-73ed-4223-8b4e-f503f8722413,T0027-ECO,PURCHASE,SETTLED,BANK_TRANSFER,PLN,15.32,2025-09-29T20:36:21.907Z,359513,,
4a636af5-b6e1-47ac-9fc9-726435afbb2d,T0048-ECO,PURCHASE,DECLINED,CARD,PLN,5.07,2025-03-11T01:20:04.515Z,,VISA,411111******3291
f1530f68-9215-483a-9532-caba7af985ff,T0035-ECO,PURCHASE,SETTLED,BLIK,PLN,73.13,2025-10-18T10:38:30.915Z,589593,,
0e7da698-ab95-472f-8d95-aaf5253421bc,T0035-MOB,PURCHASE,SETTLED,DIGITAL_WALLET,PLN,5.69,2025-03-04T12:01:35.293Z,399371,VISA,411111******0414
1a3c2131-73dd-4bc6-9064-05a85bd29cb1,T0044-MOB,PURCHASE,SETTLED,CARD,PLN,82.59,2025-08-07T05:08:51.885Z,033875,VISA,411111******8866
b1644235-49a2-4fde-b235-7a3ccc7f9517,T0015-ECO,PURCHASE,SETTLED,BLIK,PLN,146.58,2025-08-03T10:10:27.055Z,835540,,
a5cb3c6e-b5a4-455b-b462-9214a23ff67d,T0001-ECO,PURCHASE,SETTLED,CARD,EUR,25.76,2025-10-14T18:51:11.617Z,955762,MASTERCARD,545454******3695
2c7dd667-f664-4720-afdd-b26a13106665,T0013-ECO,PURCHASE,SETTLED,BANK_TRANSFER,PLN,70.66,2025-01-16T18:44:18.438Z,715819,,
27a158a0-efff-42f4-b5ae-329d77617d80,T0018-ECO,PURCHASE,DECLINED,CARD,PLN,93.16,2025-08-31T20:50:23.630Z,,VISA,411111******5415
384f6e3b-8680-4a8a-915f-352cb52a9e6b,T0043-MOB,PURCHASE,SETTLED,BLIK,PLN,229.37,2025-11-02T08:27:28.517Z,822116,,
54c0c6c2-54f6-416e-a9d0-49dc369e5af8,T0011-MOB,PURCHASE,SETTLED,BLIK,EUR,32.93,2025-10-20T07:15:34.633Z,926308,,
3d877034-7217-4fa3-9893-ef12ab3f8d22,T0034-MOB,PURCHASE,PENDING,DIGITAL_WALLET,PLN,269.44,2025-08-30T05:22:01.249Z,,VISA,411111******1879
06531d47-4867-4b30-b956-77318a4cfe1f,T0003-ECO,PURCHASE,SETTLED,DIGITAL_WALLET,PLN,15.06,2025-06-23T00:53:28.498Z,269054,VISA,411111******6322
a07eafb1-01e0-4ad8-8880-2d4d89b8b7ee,T0003-MOB,PURCHASE,SETTLED,DIGITAL_WALLET,PLN,38.66,2025-07-28T20:13:57.848Z,810883,VISA,411111******2742
1667c518-09b2-4ae6-94eb-4c91b784ae08,T0045-ECO,PURCHASE,AUTHORIZED,DIGITAL_WALLET,PLN,28.28,2025-11-16T02:02:49.233Z,481532,VISA,411111******0389
a43447fb-0182-4782-88ea-e7d41e494952,T0017-MOB,PURCHASE,SETTLED,CARD,PLN,66.91,2025-10-17T16:46:03.599Z,706004,VISA,411111******6381
ed3b9d13-c3e9-4323-8811-86e9162534ca,T0003-ECO,PURCHASE,SETTLED,DIGITAL_WALLET,PLN,37.46,2025-09-14T14:23:10.031Z,636030,MASTERCARD,545454******4937
f7222fbe-ea06-494b-a310-ff72ad62d094,T0031-POS,PURCHASE,SETTLED,CARD,EUR,289.98,2025-05-25T21:49:42.980Z,312534,MASTERCARD,545454******2360
35c606b5-4e00-4d55-95ca-dfaff26d3dd3,T0001-ECO,PURCHASE,SETTLED,DIGITAL_WALLET,EUR,28.33,2025-09-08T20:31:04.871Z,574122,MASTERCARD,545454******8800
913a1734-ccb6-4571-abc5-35452e6d7a04,T0033-POS,PURCHASE,DECLINED,CARD,PLN,38.57,2025-04-23T21:04:45.687Z,,VISA,411111******1877
199c8d94-3c0a-484e-a7cd-13cbabda06b2,T0005-MOB,PURCHASE,SETTLED,CARD,PLN,30.08,2025-03-17T03:32:14.325Z,134443,MASTERCARD,545454******5851
f56aabc0-50fb-45b0-8ec5-69695d4f7107,T0032-MOB,PURCHASE,SETTLED,CARD,EUR,39.50,2025-04-06T14:31:06.804Z,594397,VISA,411111******9266
54e14f3a-bba4-4ae0-adf8-f7672261ddef,T0015-ECO,PURCHASE,DECLINED,BLIK,PLN,149.44,2025-05-20T07:42:50.793Z,,,
23d7263d-d391-4017-9bd4-a86d47d6723c,T0020-MOB,PURCHASE,SETTLED,BLIK,CZK,515.33,2025-10-12T21:07:52.907Z,882683,,
94f6c67a-d009-4507-87fc-584ea1b24627,T0041-POS,PURCHASE,DECLINED,BLIK,EUR,80.36,2025-03-24T15:04:23.928Z,,,
96f01335-c5ab-48da-a435-4021392a9fc4,T0003-ECO,PURCHASE,SETTLED,CARD,PLN,78.60,2025-06-30T11:19:42.513Z,411564,VISA,411111******5993
90fcc9f1-2ddc-456b-a8c2-cce9723b80d4,T0033-POS,PURCHASE,SETTLED,CARD,PLN,42.77,2025-03-26T23:32:31.779Z,147189,VISA,411111******8423
783c91eb-635a-41f2-9c7a-f83dca9d2704,T0032-POS,PURCHASE,SETTLED,CARD,EUR,61.28,2025-10-16T03:05:58.269Z,951819,VISA,411111******8485
13ed280a-d5e1-4d1f-a5f2-2dfba741104b,T0038-ECO,PURCHASE,SETTLED,BLIK,PLN,46.80,2025-12-19T08:06:44.228Z,616225,,
709d338b-2393-4d45-a1cc-ff0d8078636d,T0034-MOB,PURCHASE,SETTLED,CARD,PLN,61.08,2025-03-14T14:05:13.161Z,006918,MASTERCARD,545454******9899
7b44acd0-1d03-43d5-b862-acc354899c37,T0024-ECO,PURCHASE,SETTLED,BLIK,PLN,79.60,2025-08-18T10:34:13.165Z,850576,,
92803da2-e40b-40e4-8a08-6989833c8f55,T0042-MOB,PURCHASE,SETTLED,CARD,EUR,21.61,2025-12-25T05:49:40.184Z,660120,VISA,411111******2207
48907b6d-d240-4f02-a968-1fc1ba5c865d,T0034-MOB,PURCHASE,SETTLED,BLIK,PLN,119.03,2025-08-24T13:13:51.482Z,754500,,
57b94dfb-af82-470c-b964-4e4f2aefcf3b,T0031-POS,PURCHASE,SETTLED,CARD,EUR,269.30,2025-01-27T17:39:44.235Z,277370,VISA,411111******8369
e6cfcbd8-79d2-4001-ad6b-8a4e18a70609,T0025-MOB,PURCHASE,SETTLED,CARD,PLN,54.86,2025-11-01T10:10:53.544Z,634924,MASTERCARD,545454******2450
dff47c51-5ed1-4e7f-abb1-f2bc85a4b0cb,T0033-POS,PURCHASE,DECLINED,CARD,PLN,8.45,2025-03-31T02:58:00.960Z,,VISA,411111******7069
c40f5405-7a25-4d81-8128-17eb224629cd,T0031-MOB,PURCHASE,DECLINED,CARD,EUR,36.85,2025-10-03T09:44:46.761Z,,VISA,411111******6971
68aa1236-50de-4f43-8de5-c35ab0117b0a,T0001-ECO,PURCHASE,SETTLED,BLIK,EUR,33.80,2025-09-11T01:07:40.599Z,215397,,
c8a65b85-8d56-4ff6-a9c9-520f3425449c,T0017-MOB,PURCHASE,SETTLED,DIGITAL_WALLET,PLN,50.41,2025-08-06T03:07:55.568Z,791645,MASTERCARD,545454******6511
bf70c042-1e7c-4795-a8c6-c2dfdd23ff41,T0031-MOB,PURCHASE,SETTLED,DIGITAL_WALLET,EUR,5.27,2025-03-04T20:02:23.102Z,896531,MASTERCARD,545454******2262
cdeb2696-015a-4a1d-a2c8-cf62f6ee137d,T0014-ECO,PURCHASE,SETTLED,CARD,PLN,163.03,2025-01-25T21:16:23.269Z,408004,VISA,411111******2633
0eb5e5a7-98f3-4640-b6a9-e3e3b62bccb1,T0015-MOB,PURCHASE,SETTLED,CARD,PLN,68.65,2025-03-20T08:02:51.870Z,300384,MASTERCARD,545454******8536
a7af5545-3d3f-4c1b-9c17-ebb5093b4d72,T0043-ECO,PURCHASE,SETTLED,CARD,PLN,29.47,2025-08-16T14:39:47.205Z,706765,VISA,411111******2776
ea3e072a-8f22-4604-946b-7756b9e439ef,T0034-POS,PURCHASE,SETTLED,BLIK,PLN,55.59,2025-11-13T17:08:58.283Z,298313,,
8198d1f5-6839-498f-accf-147242d7f112,T0015-ECO,PURCHASE,SETTLED,BANK_TRANSFER,PLN,68.04,2025-05-27T10:38:34.576Z,004877,,
e58295dc-75f1-4654-ae7c-fd1475771730,T0031-POS,REFUND,REFUNDED,BLIK,EUR,52.10,2025-02-15T03:41:56.264Z,,,
ccd7608f-3adc-438c-b380-46efad4a2b3c,T0005-MOB,REVERSAL,REVERSED,BLIK,PLN,46.00,2025-11-20T04:27:08.269Z,,,
5059f77b-79ff-49d9-adb1-3debee6ffbea,T0016-MOB,PURCHASE,DECLINED,CARD,PLN,4.15,2025-04-15T11:58:05.187Z,,VISA,411111******9085
43f19b58-df6c-4d60-bdf7-6a69bc45144a,T0048-ECO,PURCHASE,SETTLED,BANK_TRANSFER,PLN,23.78,2025-04-07T23:19:48.856Z,246269,,
0ad1c18c-f53f-491e-8a9e-0964db6a34ea,T0040-MOB,PURCHASE,AUTHORIZED,CARD,CZK,577.61,2025-05-03T11:53:55.504Z,801368,MASTERCARD,545454******0108
65db6e43-47bf-4db7-82d9-a774ea7f6c7d,T0037-MOB,REVERSAL,REVERSED,BLIK,PLN,14.50,2025-01-22T00:41:51.538Z,,,
50ce857f-75c7-4fb6-84a9-1789b2c027e8,T0028-MOB,PURCHASE,SETTLED,DIGITAL_WALLET,PLN,13.68,2025-05-07T09:17:06.370Z,126215,VISA,411111******7490
6b49acc6-35e5-44e0-ac87-85467faf6458,T0040-MOB,PURCHASE,SETTLED,CARD,CZK,386.84,2025-11-28T18:53:46.410Z,192847,MASTERCARD,545454******5995
8e2ac3ff-3c5d-4a42-8dd8-af09451b6267,T0018-MOB,PURCHASE,SETTLED,CARD,PLN,37.05,2025-02-26T15:21:43.819Z,755829,VISA,411111******1636
7c93243e-c90b-4454-90d3-802db876a455,T0048-POS,PURCHASE,SETTLED,CARD,PLN,20.42,2025-08-09T12:36:04.048Z,559921,VISA,411111******8470
42803aa0-55ac-4d06-be9d-a9517329af6e,T0026-POS,PURCHASE,DECLINED,CARD,PLN,25.98,2025-12-28T21:25:15.829Z,,MASTERCARD,545454******1577
89d716ef-a62d-4221-a65d-958e936dd1a8,T0017-MOB,PURCHASE,DECLINED,CARD,PLN,20.89,2025-07-09T07:46:15.793Z,,VISA,411111******9451
6bfc2a47-565f-4491-adb6-8b81cec68cfe,T0048-MOB,PURCHASE,SETTLED,DIGITAL_WALLET,PLN,75.62,2025-11-26T16:19:43.928Z,671697,VISA,411111******2745
e33fc52c-4570-43e4-a53c-8f74a5076897,T0005-POS,PURCHASE,SETTLED,CARD,PLN,22.44,2025-05-22T00:56:29.765Z,634792,MASTERCARD,545454******4382
a97a4f4e-3c10-471b-ba4f-4b0320029d9f,T0038-ECO,PURCHASE,SETTLED,BANK_TRANSFER,PLN,8.47,2025-10-19T04:04:51.081Z,024223,,
8623bc74-65a2-4cc8-855b-e95d06bfd9c4,T0014-POS,PURCHASE,AUTHORIZED,CARD,PLN,73.40,2025-04-12T22:13:56.632Z,056440,MASTERCARD,545454******8985
86d895e5-219b-406d-a05c-8491a06109db,T0010-POS,PURCHASE,SETTLED,CARD,CZK,1667.07,2025-05-07T07:05:45.884Z,464687,VISA,411111******4655
9740b212-2d52-45f4-8a0e-c018b29769b2,T0031-MOB,PURCHASE,SETTLED,DIGITAL_WALLET,EUR,70.37,2025-09-04T22:33:43.898Z,994559,MASTERCARD,545454******2213
ce015413-3a25-46fe-8a27-b0b07b4d8646,T0037-MOB,PURCHASE,SETTLED,BLIK,PLN,16.16,2025-06-10T02:01:04.266Z,364032,,
b011b125-0221-41e5-88fc-3da1781d5b6c,T0010-MOB,PURCHASE,SETTLED,CARD,CZK,214.81,2025-06-17T03:56:52.817Z,300692,VISA,411111******5634
b7062cfa-29cc-4789-bff9-3134650e78e4,T0019-ECO,PURCHASE,SETTLED,CARD,PLN,87.06,2025-05-27T22:33:09.225Z,458339,MASTERCARD,545454******9184
44d18524-cf0e-4567-882d-7fc1be3074f8,T0017-POS,PURCHASE,SETTLED,CARD,PLN,16.12,2025-03-12T20:09:29.139Z,679956,MASTERCARD,545454******4664
f83f5274-0cb4-4fe1-a6f3-41c804f718c8,T0019-POS,PURCHASE,SETTLED,CARD,PLN,48.12,2025-02-09T17:15:28.288Z,336219,MASTERCARD,545454******3076
578799d9-3799-4376-be5b-3ac903c501fe,T0018-POS,PURCHASE,SETTLED,BLIK,PLN,23.60,2025-07-13T13:23:06.380Z,158003,,
12464474-6475-40ee-8691-30694439940d,T0030-ECO,PURCHASE,DECLINED,DIGITAL_WALLET,CZK,244.69,2025-12-14T20:31:10.861Z,,VISA,411111******0918
bcd49975-3f46-457b-b165-e36bf997c779,T0017-MOB,PURCHASE,SETTLED,DIGITAL_WALLET,PLN,69.80,2025-09-16T15:38:36.213Z,808688,VISA,411111******6304
effad15b-bea6-450f-8acc-b23cba6dbed8,T0031-MOB,PURCHASE,SETTLED,BLIK,EUR,49.25,2025-07-06T21:23:05.653Z,659726,,
2ad820ca-03db-4a2e-9313-50e06f2537ce,T0020-POS,PURCHASE,SETTLED,CARD,CZK,754.08,2025-06-03T17:12:02.808Z,663653,VISA,411111******3866
7ffab493-285e-4d0a-bfac-431716e827b0,T0016-POS,PURCHASE,SETTLED,DIGITAL_WALLET,PLN,7.11,2025-12-28T12:08:22.992Z,808239,VISA,411111******6084
8ef00de1-fb4f-4972-9115-d7ee3b90908e,T0049-ECO,PURCHASE,SETTLED,CARD,PLN,341.95,2025-11-09T20:02:26.913Z,511540,VISA,411111******2061
70000009-b4e5-40ba-bc3c-c2bc0a1bebd3,T0029-ECO,PURCHASE,SETTLED,CARD,PLN,55.78,2025-07-10T07:59:18.194Z,942316,VISA,411111******4107
d1c56a00-4bb1-4407-b30a-d7de27afbff9,T0037-POS,PURCHASE,SETTLED,CARD,PLN,23.54,2025-01-01T06:42:33.794Z,556937,VISA,411111******1128
f7980131-a885-47b4-9037-2a5cb893b08a,T0041-ECO,PURCHASE,SETTLED,CARD,EUR,49.85,2025-07-23T12:41:03.699Z,336272,MASTERCARD,545454******3912
0b34fc84-1111-4e29-a8ad-153985f0786a,T0032-ECO,PURCHASE,SETTLED,CARD,EUR,86.56,2025-12-06T05:32:34.032Z,100932,MASTERCARD,545454******1809
4185300d-971d-45fd-b389-50ce9fbc879e,T0013-POS,PURCHASE,SETTLED,CARD,PLN,16.57,2025-10-06T18:48:07.072Z,551363,MASTERCARD,545454******8026
f030bfd4-be54-498e-8eda-64335c65a65c,T0001-POS,PURCHASE,DECLINED,CARD,EUR,68.44,2025-10-13T04:10:30.072Z,,MASTERCARD,545454******0994
62a50eec-881a-404f-bb23-feedb9a4de2b,T0020-POS,REFUND,REFUNDED,DIGITAL_WALLET,CZK,72.61,2025-04-07T14:38:22.583Z,,VISA,411111******1658
1aa67474-e200-4157-ad54-c95aaa4d52a8,T0041-POS,PURCHASE,SETTLED,CARD,EUR,22.26,2025-06-05T22:47:02.516Z,736677,MASTERCARD,545454******7515
fdd084a1-8cd2-416f-90ad-ff63e7094153,T0022-ECO,REVERSAL,REVERSED,CARD,EUR,29.67,2025-11-17T20:19:20.743Z,,MASTERCARD,545454******5772
000cd21a-65a7-4a30-b5b7-0dd9728f5897,T0021-ECO,PURCHASE,SETTLED,CARD,EUR,62.84,2025-12-12T18:25:34.309Z,474379,MASTERCARD,545454******5898
9255273f-ed09-40f7-9217-4fb08e6b3085,T0001-MOB,PURCHASE,SETTLED,DIGITAL_WALLET,EUR,33.54,2025-05-23T13:27:37.910Z,536107,MASTERCARD,545454******9071
b93c92d5-13c3-4b5d-bbf8-da9137a9f824,T0038-POS,PURCHASE,SETTLED,CARD,PLN,25.00,2025-07-09T15:03:57.845Z,962468,MASTERCARD,545454******9323
93875413-ceef-4261-bb15-02ea09912f46,T0045-ECO,PURCHASE,SETTLED,BLIK,PLN,17.74,2025-12-25T00:27:54.789Z,314985,,
edbc36d8-9a30-4096-9977-66bea71c8948,T0022-MOB,PURCHASE,AUTHORIZED,DIGITAL_WALLET,EUR,33.45,2025-01-16T23:50:47.326Z,783997,VISA,411111******3714
8135f15a-9343-46ea-985a-9548c0ba22a4,T0035-ECO,PURCHASE,SETTLED,CARD,PLN,12.96,2025-11-02T09:29:01.403Z,467262,VISA,411111******6436
c6196773-6f3a-4f33-8077-7ac56605de3c,T0010-POS,PURCHASE,SETTLED,CARD,CZK,930.67,2025-07-06T18:31:21.572Z,089211,MASTERCARD,545454******4301
52cb1ae0-6e18-49b3-86da-85f144296ca2,T0013-MOB,PURCHASE,SETTLED,CARD,PLN,94.40,2025-02-13T16:51:15.687Z,075124,VISA,411111******3970
d2535515-9dc0-48b5-9987-038afcd6c18e,T0027-MOB,PURCHASE,SETTLED,CARD,PLN,201.85,2025-02-26T15:07:36.451Z,177477,VISA,411111******4994
9efa0407-f2ed-4ab0-be38-69e20df63417,T0003-POS,PURCHASE,SETTLED,CARD,PLN,64.98,2025-06-24T18:52:40.482Z,775507,VISA,411111******1841
242f5829-fe07-432a-badc-45999f7fae0c,T0002-MOB,PURCHASE,SETTLED,CARD,EUR,122.58,2025-05-27T06:13:42.596Z,506489,MASTERCARD,545454******8991
110c8d92-0222-405d-b1f7-1605a79e3626,T0043-ECO,PURCHASE,SETTLED,CARD,PLN,34.39,2025-11-27T21:59:19.934Z,487546,MASTERCARD,545454******0869
fa033d6c-822f-42f0-a175-a257fad3b44c,T0043-MOB,PURCHASE,DECLINED,DIGITAL_WALLET,PLN,41.88,2025-02-04T04:24:43.190Z,,MASTERCARD,545454******3787
4e0fbae1-8787-43f4-ac19-e4eb3f551740,T0013-ECO,PURCHASE,SETTLED,BANK_TRANSFER,PLN,27.92,2025-03-02T23:23:42.018Z,041683,,
e3f16406-631d-4c8b-a0f0-fe7941f74651,T0023-ECO,PURCHASE,SETTLED,CARD,PLN,21.86,2025-06-02T13:35:44.672Z,656190,MASTERCARD,545454******1015
6ad65b8c-3a38-4844-afbf-fde4a0226155,T0009-POS,PURCHASE,SETTLED,BLIK,PLN,26.42,2025-05-02T07:37:06.931Z,915093,,
86181db2-e60d-4a94-b483-d162b043a39a,T0039-MOB,PURCHASE,SETTLED,CARD,PLN,153.36,2025-12-20T00:30:48.999Z,324008,VISA,411111******2262
2f237c4d-1e4e-4133-b82d-40def2d78d53,T0050-POS,PURCHASE,SETTLED,CARD,CZK,16.60,2025-10-10T08:52:20.030Z,558850,VISA,411111******9131
21acfdb5-1b55-4f6d-b01c-6abfc7739d46,T0049-MOB,PURCHASE,SETTLED,DIGITAL_WALLET,PLN,4.59,2025-08-26T16:04:54.631Z,159338,MASTERCARD,545454******4485
b02a06ee-1458-4063-9bf8-8d1d06ad7920,T0018-ECO,PURCHASE,SETTLED,BLIK,PLN,77.82,2025-11-25T14:34:47.619Z,720767,,
39ed0800-3179-49f9-a9ed-e760233408ba,T0031-ECO,PURCHASE,SETTLED,BLIK,EUR,25.05,2025-03-20T18:32:45.775Z,496864,,
7521aa18-dde4-45c1-932c-5c01b017c533,T0014-POS,REFUND,REFUNDED,CARD,PLN,142.81,2025-10-29T10:50:44.042Z,,MASTERCARD,545454******8027
e0b55615-d3b6-4f1b-b4f7-6d09739cafa5,T0039-ECO,PURCHASE,SETTLED,DIGITAL_WALLET,PLN,47.14,2025-10-13T12:16:54.040Z,114626,VISA,411111******8530
4df742ae-e267-412b-a5e5-f13f70869a45,T0036-MOB,PURCHASE,SETTLED,BLIK,PLN,86.27,2025-03-06T15:46:03.432Z,305323,,
73a27c7b-a566-4884-9473-e68776ad1c33,T0019-ECO,PURCHASE,DECLINED,BANK_TRANSFER,PLN,10.95,2025-03-11T19:35:26.797Z,,,
e588b999-971e-4a39-b424-6baa2dcafc82,T0038-ECO,PURCHASE,SETTLED,BLIK,PLN,70.60,2025-06-26T13:57:16.092Z,026122,,
1d39e9c2-1758-4f23-9fa0-9802bbb71494,T0017-MOB,PURCHASE,SETTLED,BLIK,PLN,117.55,2025-02-03T03:06:52.536Z,753270,,
60f11528-28ef-4f46-b323-123e9cb0c90c,T0046-MOB,REFUND,REFUNDED,BLIK,PLN,48.93,2025-03-08T08:45:48.934Z,,,
4edd2a2a-6b69-44ae-8d22-af35b648be8a,T0022-ECO,PURCHASE,SETTLED,DIGITAL_WALLET,EUR,10.89,2025-06-23T07:25:41.295Z,806519,VISA,411111******2930
8b22e445-7fa7-4485-9afc-38057f6485de,T0041-POS,PURCHASE,SETTLED,CARD,EUR,171.65,2025-07-11T15:26:38.243Z,480921,MASTERCARD,545454******0200
e1d5c0dc-3ea5-45a9-81ae-c50599a04abb,T0014-ECO,PURCHASE,SETTLED,BLIK,PLN,55.35,2025-08-05T12:43:48.839Z,630421,,
4c66aa4d-9a70-4a8a-9688-1d3e93fde248,T0014-POS,PURCHASE,SETTLED,CARD,PLN,32.54,2025-02-12T06:54:23.426Z,699396,VISA,411111******0531
092cd030-ee75-4637-9c35-52b394372280,T0012-POS,PURCHASE,SETTLED,CARD,EUR,16.51,2025-05-24T03:18:57.919Z,785734,VISA,411111******7460
dc0228af-b1d2-4457-9f3c-ea1d227197ca,T0025-POS,PURCHASE,SETTLED,BLIK,PLN,19.72,2025-07-23T18:03:25.214Z,493687,,
c9c67b51-ef13-464b-9ad2-bb72b04ba584,T0045-POS,PURCHASE,SETTLED,CARD,PLN,58.74,2025-07-24T01:00:04.588Z,759246,VISA,411111******7924
3b93a53f-9c02-440d-a237-c8772e0e6673,T0040-MOB,PURCHASE,SETTLED,DIGITAL_WALLET,CZK,285.27,2025-11-26T08:35:00.212Z,847228,MASTERCARD,545454******8069
412181a3-4818-4004-b0a4-f5573381001f,T0040-MOB,PURCHASE,SETTLED,CARD,CZK,458.80,2025-07-16T18:41:22.563Z,671736,VISA,411111******0185
ec1a86d3-5683-4783-9575-9337549c9eb9,T0021-POS,PURCHASE,SETTLED,CARD,EUR,188.50,2025-07-06T23:51:48.159Z,203440,VISA,411111******2877
b9974024-90a0-44ab-8ca1-cabd85650e0b,T0041-MOB,PURCHASE,SETTLED,DIGITAL_WALLET,EUR,88.88,2025-01-08T06:28:06.213Z,875671,MASTERCARD,545454******0917
fbce7087-56d2-414d-87fa-f6f7d73aae7b,T0037-ECO,PURCHASE,SETTLED,CARD,PLN,28.23,2025-03-06T10:56:51.584Z,294083,VISA,411111******2446
16386137-69f3-4b2d-8580-dac20818c965,T0039-MOB,PURCHASE,SETTLED,CARD,PLN,44.41,2025-06-25T12:04:20.849Z,744321,MASTERCARD,545454******5152
0662200c-8188-4e48-b19b-2dd617b4e75b,T0020-POS,PURCHASE,SETTLED,CARD,CZK,90.93,2025-07-07T18:17:06.750Z,957720,VISA,411111******3311
84222f58-f022-44af-bb76-4637d277ab64,T0034-MOB,PURCHASE,DECLINED,BLIK,PLN,63.41,2025-10-09T09:29:16.037Z,,,
98233b06-d91e-47e6-afe2-a9400b458c23,T0030-MOB,PURCHASE,SETTLED,BLIK,CZK,581.91,2025-12-12T07:48:47.047Z,977626,,
46d28109-495c-4ac8-b14a-abdd33579b27,T0007-ECO,PURCHASE,SETTLED,DIGITAL_WALLET,PLN,57.04,2025-09-18T15:19:46.120Z,336467,MASTERCARD,545454******3438
4563abbe-5188-4a26-8ca3-3a5459ae7302,T0018-POS,PURCHASE,AUTHORIZED,CARD,PLN,5.59,2025-04-21T00:14:46.587Z,568882,VISA,411111******3384
aced4d55-e73e-4bc5-b882-2064076c108d,T0016-POS,PURCHASE,SETTLED,CARD,PLN,12.79,2025-02-03T10:41:33.436Z,136392,MASTERCARD,545454******0831
5b0a31ea-9dc6-4783-b222-534db3099e0d,T0026-POS,PURCHASE,SETTLED,BLIK,PLN,7.67,2025-10-04T20:41:50.776Z,723648,,
77e0ee02-b2d7-492a-ab70-bda9cd66d79d,T0043-ECO,PURCHASE,SETTLED,CARD,PLN,16.41,2025-09-08T06:25:00.727Z,852336,VISA,411111******1522
9defeab9-e54c-46ca-9c70-ce2224caf1b8,T0050-MOB,REFUND,REFUNDED,BLIK,CZK,116.44,2025-03-13T04:58:28.716Z,,,
59f8068e-1ce6-4a9f-b9af-834810bbc60d,T0043-MOB,PURCHASE,SETTLED,BLIK,PLN,35.25,2025-04-20T14:49:45.786Z,031734,,
8e5fd65f-536c-42d0-9b63-205fcbf85149,T0023-ECO,PURCHASE,SETTLED,BLIK,PLN,153.73,2025-07-26T21:32:54.472Z,748969,,
b1ade82a-d05c-478d-b54f-184e57390b03,T0026-ECO,PURCHASE,SETTLED,CARD,PLN,92.16,2025-06-19T01:47:26.580Z,069268,MASTERCARD,545454******6288
d635212d-92fe-40e8-b63f-a809ee4d0dec,T0022-ECO,PURCHASE,SETTLED,BLIK,EUR,42.26,2025-06-29T18:37:09.333Z,775282,,
d066ad21-af7d-4f21-9bd6-b03d9927839b,T0036-POS,PURCHASE,AUTHORIZED,BLIK,PLN,111.96,2025-05-08T03:39:57.506Z,072988,,
4a9ff50e-8800-41b6-b3f6-21a826330c43,T0042-ECO,PURCHASE,SETTLED,CARD,EUR,28.58,2025-03-17T23:44:42.210Z,692984,VISA,411111******2403
fc862110-9c8a-4872-8214-1a68952d986c,T0044-MOB,PURCHASE,SETTLED,CARD,PLN,50.27,2025-11-28T01:55:27.301Z,093624,MASTERCARD,545454******5640
1c153057-5bf7-44cf-ba8b-d601d21ce315,T0004-MOB,REFUND,REFUNDED,DIGITAL_WALLET,PLN,9.72,2025-06-03T02:50:49.640Z,,VISA,411111******9175
d7e4527a-6274-4240-8e30-1bcc302fa247,T0021-ECO,PURCHASE,SETTLED,CARD,EUR,62.62,2025-01-28T20:43:16.663Z,145824,VISA,411111******7780
ce52309d-a46a-47c2-a320-de1615ac80e4,T0002-POS,PURCHASE,SETTLED,BLIK,EUR,34.28,2025-11-03T09:20:45.712Z,142371,,
39ca2826-5af5-4a23-a27c-a9f773363302,T0039-MOB,PURCHASE,SETTLED,BLIK,PLN,11.44,2025-08-13T10:46:38.510Z,859907,,
09b185d6-fa6d-41ee-8890-f5065df1bf6f,T0047-POS,PURCHASE,AUTHORIZED,BLIK,PLN,66.43,2025-02-13T22:46:06.594Z,604349,,
9c2d9672-e3d1-403c-85fa-b5ea14072edb,T0031-ECO,PURCHASE,SETTLED,CARD,EUR,11.72,2025-10-16T01:00:56.679Z,542060,MASTERCARD,545454******7617
743b9f71-7807-4947-82c2-b367c74d8df0,T0043-POS,PURCHASE,SETTLED,CARD,PLN,46.57,2025-10-12T23:38:50.339Z,561023,VISA,411111******5628
904f0df7-c8f7-4c2d-ba1a-d1604dd7962b,T0027-MOB,PURCHASE,SETTLED,DIGITAL_WALLET,PLN,14.75,2025-08-13T12:39:55.173Z,785829,VISA,411111******9791
13ad3ead-816e-4f32-a077-5ce4151f62f9,T0037-POS,PURCHASE,SETTLED,CARD,PLN,103.02,2025-02-21T11:21:02.630Z,508307,VISA,411111******4699
5ea909ef-7257-4cb6-a8be-6c8026b0d2c9,T0018-MOB,PURCHASE,SETTLED,DIGITAL_WALLET,PLN,91.37,2025-09-30T03:41:42.241Z,774863,VISA,411111******9695
ef16d03b-9875-43c3-a523-52f6f7a3f6a6,T0032-POS,PURCHASE,SETTLED,BLIK,EUR,93.56,2025-05-29T19:22:30.243Z,088501,,
43af6c46-a46b-4932-8de8-4b635856e1fc,T0043-MOB,PURCHASE,SETTLED,BLIK,PLN,73.39,2025-03-07T02:08:56.475Z,882725,,
433b66fc-797e-43e4-a3db-a8c8b4a2b699,T0026-MOB,PURCHASE,SETTLED,CARD,PLN,34.02,2025-07-25T22:19:12.699Z,716712,VISA,411111******6222
1928aae5-cd64-4aff-845f-dde1453417b5,T0003-POS,PURCHASE,AUTHORIZED,DIGITAL_WALLET,PLN,16.29,2025-06-29T01:50:36.791Z,351238,MASTERCARD,545454******4466
022b7e76-ac3c-4e34-82b5-3d3d8c30563f,T0044-ECO,PURCHASE,SETTLED,CARD,PLN,39.69,2025-04-21T00:31:10.257Z,328487,MASTERCARD,545454******2947
1eb6d1f0-f532-4352-b544-68e41f2da344,T0013-POS,PURCHASE,AUTHORIZED,CARD,PLN,7.43,2025-05-27T00:11:11.672Z,669078,VISA,411111******9820
2f2bdc13-b216-4b5a-9c60-57fee5605cfb,T0049-ECO,REFUND,REFUNDED,BLIK,PLN,20.21,2025-12-30T13:50:57.077Z,,,
c6f06a71-46fc-4ff2-92f1-78bdc7de01a9,T0041-MOB,PURCHASE,SETTLED,DIGITAL_WALLET,EUR,13.09,2025-01-24T07:47:13.264Z,169833,MASTERCARD,545454******4216
8a66de67-24d4-45a3-9bc2-197e7df77791,T0017-POS,PURCHASE,AUTHORIZED,CARD,PLN,80.62,2025-09-07T20:20:46.108Z,676838,MASTERCARD,545454******2923
a7222ea2-261b-4048-bf69-5b97e581d601,T0029-ECO,PURCHASE,SETTLED,CARD,PLN,65.69,2025-09-29T20:59:14.337Z,019676,MASTERCARD,545454******7305
cff14c0e-c7eb-4d43-ba4e-f72fd8139af7,T0026-ECO,PURCHASE,SETTLED,CARD,PLN,129.62,2025-01-02T06:49:36.393Z,423533,MASTERCARD,545454******7144
ff3c6d4e-a1dc-4cab-8e21-3ce5668eb10e,T0045-MOB,PURCHASE,PENDING,CARD,PLN,204.43,2025-02-01T05:54:41.861Z,,MASTERCARD,545454******4961
b225574e-4c82-4445-b0e5-9543a925de85,T0030-MOB,PURCHASE,SETTLED,BLIK,CZK,180.98,2025-09-25T12:28:41.367Z,402824,,
ff12fe28-b840-4136-867e-4b72316e8645,T0032-POS,PURCHASE,SETTLED,BLIK,EUR,61.08,2025-01-25T11:08:01.811Z,037432,,
5674b9e2-0e59-45aa-96db-638a097ba119,T0035-ECO,PURCHASE,DECLINED,CARD,PLN,75.94,2025-09-21T08:08:36.891Z,,MASTERCARD,545454******0268
04e1502a-a761-40c7-bd28-3421243f45fe,T0035-POS,PURCHASE,SETTLED,BLIK,PLN,24.48,2025-01-18T18:54:09.248Z,771185,,
974e8f83-d5d9-4385-abb2-4cbc9c794cdb,T0045-ECO,PURCHASE,SETTLED,CARD,PLN,8.72,2025-08-28T02:04:25.225Z,478344,MASTERCARD,545454******1594
937292e6-af20-4a9d-b9d1-85071eece891,T0005-POS,PURCHASE,PENDING,CARD,PLN,50.20,2025-11-05T00:14:36.218Z,,MASTERCARD,545454******5312
2a3dd769-8dac-410d-9eb3-8ef5b24070ca,T0049-POS,PURCHASE,SETTLED,CARD,PLN,10.85,2025-01-16T19:20:28.136Z,176214,VISA,411111******6801
2dee003e-01d9-4e96-81a0-204714aa3ca3,T0007-ECO,PURCHASE,SETTLED,BLIK,PLN,55.95,2025-09-27T07:55:16.826Z,510622,,
f026a418-3d3f-4bec-a97a-e294734eab10,T0050-MOB,PURCHASE,SETTLED,BLIK,CZK,36.55,2025-08-20T13:39:27.184Z,548496,,
012b809e-6b35-4d15-990c-ee674d1b6d80,T0046-MOB,PURCHASE,DECLINED,BLIK,PLN,50.53,2025-07-25T21:48:46.097Z,,,
35469cb1-a8c9-4a31-a05f-f5e6c5346e41,T0040-MOB,REVERSAL,REVERSED,DIGITAL_WALLET,CZK,138.90,2025-11-06T08:58:15.152Z,,VISA,411111******7605
35a7ac9b-48f9-4d0d-9d3b-c1d3a5159982,T0044-MOB,PURCHASE,AUTHORIZED,BLIK,PLN,37.78,2025-11-09T16:34:34.911Z,056652,,
1db67101-83d0-4ae7-bc2c-fbcf0770d18f,T0049-MOB,PURCHASE,AUTHORIZED,CARD,PLN,17.07,2025-06-22T18:01:52.606Z,823648,VISA,411111******2589
3cb3c9fa-191a-4b3d-ba4f-ece7537d66c6,T0038-MOB,PURCHASE,DECLINED,CARD,PLN,33.99,2025-07-02T21:56:50.599Z,,VISA,411111******1804
22eb69b1-5f9c-47e0-a328-143e2d9563ed,T0032-POS,PURCHASE,AUTHORIZED,BLIK,EUR,40.86,2025-05-20T06:18:09.998Z,477092,,
6b10b786-7565-4daf-b72d-416dda05d2fc,T0018-POS,PURCHASE,SETTLED,CARD,PLN,18.93,2025-12-11T05:55:49.302Z,116506,MASTERCARD,545454******2236
dae18b28-8d81-44b0-b85a-d28793ffc45f,T0039-POS,PURCHASE,SETTLED,BLIK,PLN,20.32,2025-07-22T15:14:15.500Z,178190,,
38efa3bc-9457-4388-af2a-ec8a53c9aacb,T0014-ECO,PURCHASE,SETTLED,CARD,PLN,231.96,2025-02-27T20:29:53.935Z,259870,MASTERCARD,545454******4041
cf4994e0-7ab1-4533-a4f2-2a7c87f797fa,T0037-POS,PURCHASE,PENDING,CARD,PLN,40.15,2025-08-05T21:28:32.771Z,,VISA,411111******6974
3d333164-4bb8-4be2-9bc0-798821f969e9,T0001-ECO,REFUND,REFUNDED,BLIK,EUR,59.06,2025-07-06T07:54:04.685Z,,,
c596fab7-76b9-4472-b470-724cf9f6b641,T0020-POS,PURCHASE,SETTLED,BLIK,CZK,27.69,2025-03-13T19:49:09.808Z,025599,,
87ea651b-5539-462b-b0d5-08a9e4b81e89,T0024-ECO,PURCHASE,DECLINED,CARD,PLN,11.06,2025-04-15T18:37:09.714Z,,VISA,411111******6305
eea77ea8-bc5a-4195-95f0-1600e17f348d,T0040-ECO,PURCHASE,SETTLED,BLIK,CZK,3242.52,2025-02-13T02:16:59.392Z,650594,,
b5971e43-8f8d-4995-9127-4cb2b47299b6,T0024-MOB,PURCHASE,SETTLED,BLIK,PLN,77.07,2025-05-11T01:46:15.244Z,585934,,
80e9b300-4471-4067-a5de-f08e5a4b4fdb,T0035-POS,PURCHASE,SETTLED,CARD,PLN,68.56,2025-01-25T14:38:36.381Z,336030,VISA,411111******3693
8869372a-d34c-4a09-ada5-9cb2882ae449,T0023-MOB,PURCHASE,SETTLED,BLIK,PLN,156.09,2025-05-23T23:22:04.819Z,744305,,
1659ddcc-7537-4d14-a24c-724be453c4c2,T0044-ECO,REFUND,REFUNDED,DIGITAL_WALLET,PLN,17.72,2025-09-28T17:16:34.151Z,,VISA,411111******3085
8a9b7b20-aeb1-4cd3-b836-0a876aa22571,T0032-POS,PURCHASE,SETTLED,BLIK,EUR,182.69,2025-06-13T03:53:42.454Z,307410,,
57c13f7e-9425-4c3a-a964-a11255fc0f2b,T0048-ECO,PURCHASE,SETTLED,CARD,PLN,156.57,2025-07-08T19:13:53.607Z,675987,VISA,411111******8513
4e7674e9-ca12-4a49-a5f5-cdc821c7c0f6,T0043-ECO,PURCHASE,SETTLED,BLIK,PLN,20.88,2025-07-08T01:28:22.380Z,594806,,
d6de70c5-2ce4-499d-b924-08c32ea9ef6c,T0019-POS,PURCHASE,AUTHORIZED,CARD,PLN,81.64,2025-02-15T09:44:54.042Z,299102,VISA,411111******8770
8a34b26b-72cc-4fc5-9f77-5a7a25dfac07,T0021-ECO,PURCHASE,SETTLED,CARD,EUR,52.49,2025-09-09T08:45:03.722Z,360549,VISA,411111******5192
712dd406-ec1b-45dd-a829-56cfba81d860,T0019-MOB,REFUND,REFUNDED,DIGITAL_WALLET,PLN,32.73,2025-07-06T00:25:43.921Z,,VISA,411111******9260
9bafcc20-0e16-4f3f-938c-c0ca17acd7e9,T0003-POS,PURCHASE,SETTLED,CARD,PLN,79.99,2025-03-28T06:31:50.800Z,374754,VISA,411111******7306
51589375-7d8f-4350-b1c7-7a4464f8f226,T0050-MOB,PURCHASE,DECLINED,CARD,CZK,321.12,2025-01-22T18:24:05.930Z,,VISA,411111******8385
4edeae5f-59f2-474c-984c-b0f748ded8be,T0043-MOB,PURCHASE,SETTLED,CARD,PLN,92.98,2025-11-09T21:24:52.745Z,012782,MASTERCARD,545454******6108
de162c17-fd06-4179-b980-3efa4da08e48,T0028-ECO,PURCHASE,SETTLED,DIGITAL_WALLET,PLN,47.72,2025-12-29T09:36:58.983Z,217877,VISA,411111******2353
9162f6db-b5d2-4f7f-b64d-7e7c8e49d0f9,T0038-MOB,PURCHASE,DECLINED,CARD,PLN,74.24,2025-03-14T05:42:19.852Z,,MASTERCARD,545454******2865
7e7d5e88-4dcd-4534-95d0-3545d5a76023,T0025-MOB,PURCHASE,DECLINED,BLIK,PLN,54.03,2025-01-11T10:10:01.810Z,,,
49a5fd0d-e487-4ab3-aa79-4de7a7604977,T0001-POS,REFUND,REFUNDED,CARD,EUR,33.79,2025-09-25T03:09:47.660Z,,MASTERCARD,545454******2034
7b011fdd-94c0-49e0-9c9c-4570bedd62a7,T0016-POS,PURCHASE,PENDING,CARD,PLN,105.05,2025-09-01T21:20:50.702Z,,VISA,411111******9812
51d69f11-2569-4e13-8efa-899394e74f26,T0031-ECO,PURCHASE,SETTLED,DIGITAL_WALLET,EUR,35.95,2025-05-19T19:04:26.167Z,170757,VISA,411111******4252
13aae9c8-efb2-48fd-a391-ffdb8794ac7e,T0004-MOB,PURCHASE,AUTHORIZED,CARD,PLN,49.49,2025-03-13T03:59:25.783Z,305831,VISA,411111******4749
5cce495d-b037-4c52-b2ad-ffa6af793d4a,T0007-ECO,PURCHASE,DECLINED,DIGITAL_WALLET,PLN,8.58,2025-11-16T17:51:01.147Z,,MASTERCARD,545454******4447
389ae4fd-80dd-4386-a790-e92f37c6bc5d,T0001-POS,PURCHASE,SETTLED,CARD,EUR,61.82,2025-07-24T03:26:21.866Z,107392,MASTERCARD,545454******2671
d19fcf31-1dd7-4f1f-938e-f8ccea8104ad,T0035-ECO,PURCHASE,SETTLED,BLIK,PLN,19.24,2025-02-23T23:42:15.836Z,482860,,
075cc8eb-4dff-49aa-b5bb-abce2c15c4ad,T0029-ECO,REFUND,REFUNDED,BLIK,PLN,71.94,2025-02-19T23:42:21.877Z,,,
13e675fd-1c99-4366-88b6-2c18c355853e,T0045-POS,PURCHASE,SETTLED,CARD,PLN,9.02,2025-06-17T11:31:04.043Z,724375,VISA,411111******6960
4d38a8d0-10f5-4651-8b14-7f1f40c56cf6,T0013-POS,PURCHASE,SETTLED,CARD,PLN,144.22,2025-10-31T20:13:28.126Z,952662,MASTERCARD,545454******1948
47021755-f11c-40a4-bf06-d520d88a617b,T0039-POS,PURCHASE,SETTLED,CARD,PLN,145.56,2025-03-04T08:30:10.875Z,152627,VISA,411111******1487
8761f9da-0394-49c1-8363-f61f94009191,T0033-ECO,PURCHASE,SETTLED,BLIK,PLN,24.52,2025-04-20T11:05:44.175Z,859398,,
ac6c2e1b-708d-4094-af64-672f96e1a522,T0049-ECO,PURCHASE,AUTHORIZED,CARD,PLN,29.92,2025-03-25T05:10:42.526Z,732045,MASTERCARD,545454******6004
7eedcc65-22cb-4720-850c-ddfd1c3dae19,T0015-MOB,REVERSAL,REVERSED,CARD,PLN,205.17,2025-08-05T08:50:51.739Z,,VISA,411111******7633
fc267da6-4a64-4fc1-a843-a5c38dcd6e9b,T0003-POS,PURCHASE,SETTLED,CARD,PLN,94.78,2025-01-28T00:48:15.916Z,236845,MASTERCARD,545454******7273
15c2f297-ad30-43ce-a896-9e7085cd3384,T0031-ECO,PURCHASE,SETTLED,CARD,EUR,15.19,2025-09-27T22:12:55.604Z,459337,VISA,411111******6494
32f75350-f9a7-42dc-9d1c-19061090dc9d,T0007-ECO,REFUND,REFUNDED,BANK_TRANSFER,PLN,22.57,2025-06-07T00:14:48.125Z,,,
ca1c3218-c19d-41c5-85e1-8b7797f971d5,T0015-MOB,PURCHASE,SETTLED,BLIK,PLN,21.31,2025-06-07T01:41:15.496Z,610185,,
079bf5e6-2275-41e2-b141-52c7a0dcec7d,T0033-MOB,PURCHASE,SETTLED,CARD,PLN,165.97,2025-09-21T18:38:36.334Z,242034,MASTERCARD,545454******8147
caf07226-7e00-4029-847f-9b05851b5f38,T0010-MOB,PURCHASE,SETTLED,BLIK,CZK,205.80,2025-07-13T08:45:19.502Z,788119,,
fd9f45f4-0816-4739-8393-3447f3dc50bf,T0033-MOB,PURCHASE,SETTLED,BLIK,PLN,10.98,2025-05-29T23:41:22.460Z,018528,,
b739a28a-4ffd-4b7a-a26d-d24f6e411e23,T0021-MOB,PURCHASE,SETTLED,CARD,EUR,19.96,2025-08-09T22:06:53.691Z,515353,MASTERCARD,545454******2689
0e44c9dc-81b6-4c87-a803-feb5dab6c73d,T0032-ECO,PURCHASE,SETTLED,BLIK,EUR,30.92,2025-05-27T17:19:47.631Z,589567,,
5dcd0d40-d641-4102-a0d1-968f0b8ce21f,T0044-MOB,PURCHASE,SETTLED,BLIK,PLN,16.36,2025-01-11T10:43:28.783Z,619145,,
3f63a065-3e85-48c4-a947-06630e737523,T0041-MOB,PURCHASE,PENDING,CARD,EUR,23.06,2025-02-02T23:42:51.932Z,,MASTERCARD,545454******5755
a863782e-75fe-4857-8991-946d537c64b0,T0045-POS,PURCHASE,SETTLED,BLIK,PLN,189.27,2025-12-17T01:44:55.431Z,564570,,
19048ca7-9291-4493-928a-34f363eac0a1,T0018-POS,PURCHASE,PENDING,CARD,PLN,80.46,2025-09-20T04:29:36.210Z,,MASTERCARD,545454******9344
6f9d1d74-f82c-4ad8-9d03-7a064cad66c5,T0022-MOB,PURCHASE,SETTLED,BLIK,EUR,10.99,2025-11-02T16:45:58.077Z,644693,,
178a8c73-f53b-4020-be2d-e8c89fe3f824,T0035-POS,PURCHASE,PENDING,CARD,PLN,108.36,2025-08-18T20:34:42.344Z,,MASTERCARD,545454******3700
cddb3f9e-8130-4e68-8d45-d885d2e08e57,T0018-POS,PURCHASE,SETTLED,CARD,PLN,16.12,2025-05-02T16:39:40.204Z,683185,MASTERCARD,545454******1256
2fc10403-dcda-4cc1-8427-4378b40d8aef,T0027-MOB,PURCHASE,SETTLED,CARD,PLN,52.85,2025-11-16T23:22:44.760Z,658342,VISA,411111******0304
335dab46-85b3-45aa-8f54-6781a0733e57,T0030-MOB,PURCHASE,SETTLED,DIGITAL_WALLET,CZK,170.07,2025-02-28T10:30:24.764Z,761911,MASTERCARD,545454******9275
d2deb47d-4455-460e-a995-8fd1d8914adf,T0044-MOB,PURCHASE,DECLINED,DIGITAL_WALLET,PLN,28.93,2025-09-24T17:57:06.615Z,,VISA,411111******3335
6c097204-6fa6-481c-bdc5-62858f50b11f,T0016-MOB,PURCHASE,SETTLED,CARD,PLN,58.07,2025-03-03T21:19:43.279Z,508960,MASTERCARD,545454******7604
0e29ed9a-0518-4d4d-8840-789b7c602399,T0009-POS,PURCHASE,SETTLED,CARD,PLN,166.04,2025-12-16T17:57:58.978Z,757568,VISA,411111******0691
3c6d3173-23fb-401f-97be-7b4fb9676dc6,T0027-MOB,PURCHASE,SETTLED,BLIK,PLN,211.38,2025-11-18T22:40:06.594Z,880605,,
63d3ce8e-bcbb-459a-9596-6725d513da02,T0050-ECO,PURCHASE,SETTLED,CARD,CZK,1734.79,2025-12-30T07:29:34.433Z,345281,VISA,411111******5134
88917cf5-7d88-43d2-8e51-208396e83922,T0014-POS,PURCHASE,SETTLED,CARD,PLN,25.88,2025-09-23T03:35:00.252Z,904816,MASTERCARD,545454******4166
a987799b-bd4c-438c-976a-c5a808e94548,T0018-POS,PURCHASE,DECLINED,CARD,PLN,22.45,2025-09-06T03:26:12.981Z,,VISA,411111******9925
649a0bf9-f5f3-443a-a8e7-f03002038340,T0045-MOB,PURCHASE,SETTLED,DIGITAL_WALLET,PLN,83.66,2025-11-30T18:20:40.911Z,407341,VISA,411111******7248
ddcf5003-4627-41ec-88ac-784fca10b499,T0011-MOB,PURCHASE,SETTLED,BLIK,EUR,42.34,2025-12-26T19:34:47.861Z,426024,,
9a244525-6bbe-4bd6-9a13-41e710fd7164,T0022-ECO,PURCHASE,SETTLED,CARD,EUR,106.64,2025-05-07T21:42:06.464Z,530930,VISA,411111******4275
00c99370-22d6-40a2-a41f-0d38ca803df8,T0045-POS,PURCHASE,SETTLED,BLIK,PLN,28.26,2025-05-02T20:05:56.589Z,464943,,
51c4243b-f07d-4671-8aea-9ae5690a7b80,T0006-POS,PURCHASE,AUTHORIZED,CARD,PLN,23.15,2025-02-21T20:24:05.266Z,719064,VISA,411111******9732
64bc08cf-2e90-4b5c-9e1b-015f6a1c701b,T0012-ECO,PURCHASE,SETTLED,BLIK,EUR,104.61,2025-01-09T22:05:48.945Z,088498,,
da119684-b385-49de-8304-38b532c192f1,T0036-ECO,PURCHASE,SETTLED,BLIK,PLN,17.31,2025-06-16T13:40:08.614Z,484887,,
eb8466e4-c5fa-4047-af66-9013869d4cb7,T0017-POS,PURCHASE,AUTHORIZED,CARD,PLN,44.13,2025-03-20T21:27:07.195Z,753489,VISA,411111******0231
d2f77d5d-fec5-4a47-b72f-5f47999f0691,T0018-MOB,PURCHASE,SETTLED,BLIK,PLN,14.11,2025-06-12T11:07:38.184Z,216642,,
953922c0-5ea0-442c-bf91-c419e846a9df,T0027-POS,REFUND,REFUNDED,CARD,PLN,80.11,2025-01-05T00:11:29.480Z,,VISA,411111******7388
18643b6a-12b3-45eb-8198-002998e1d54c,T0009-MOB,PURCHASE,SETTLED,DIGITAL_WALLET,PLN,49.56,2025-12-28T14:09:04.240Z,771861,MASTERCARD,545454******6935
4d711f28-6185-41ab-9ea1-e6178129aa0c,T0031-MOB,PURCHASE,AUTHORIZED,DIGITAL_WALLET,EUR,14.63,2025-05-12T17:21:22.898Z,265978,VISA,411111******0087
7fcc4456-20bc-4fa0-ba80-10620b4e360a,T0030-POS,PURCHASE,SETTLED,CARD,CZK,503.70,2025-04-13T10:24:07.529Z,328486,MASTERCARD,545454******1914
a2fba345-a84c-4488-ac40-14c6da6069f3,T0021-MOB,PURCHASE,PENDING,DIGITAL_WALLET,EUR,20.44,2025-01-14T22:15:37.481Z,,VISA,411111******9104
71076f2e-0a71-4350-beb2-7900ed5d6510,T0017-POS,PURCHASE,PENDING,BLIK,PLN,19.18,2025-07-08T10:23:14.468Z,,,
2e3f674c-48bb-4b12-9e40-97c33427e466,T0032-POS,PURCHASE,SETTLED,BLIK,EUR,444.93,2025-11-16T10:55:28.279Z,098123,,
2e39c29a-921f-466f-8450-205286a8f21a,T0037-ECO,PURCHASE,PENDING,BLIK,PLN,38.27,2025-10-26T08:38:27.510Z,,,
97206c66-5fa1-4468-a4e8-4ffc1f3acc68,T0044-POS,PURCHASE,SETTLED,BLIK,PLN,32.73,2025-06-28T17:41:02.850Z,713702,,
73fe7e1d-f36d-4b13-9f53-4d9aa7faf009,T0046-ECO,PURCHASE,SETTLED,CARD,PLN,14.60,2025-10-13T04:21:15.928Z,045976,VISA,411111******5397
9a2fc701-f3af-4b09-8c12-6e0e121af952,T0037-POS,PURCHASE,SETTLED,CARD,PLN,31.87,2025-03-11T03:10:51.245Z,779930,MASTERCARD,545454******0909
27755e9d-a770-4217-b455-af73c0a7ad9c,T0050-MOB,PURCHASE,SETTLED,CARD,CZK,62.25,2025-06-17T21:52:21.753Z,678604,MASTERCARD,545454******4668
7208838e-7d57-4f69-b32a-c35a833d3df1,T0020-ECO,PURCHASE,SETTLED,BLIK,CZK,790.21,2025-08-07T16:04:20.614Z,385306,,
0a5a2698-17cb-47b8-ad0f-74e6a174a785,T0028-POS,PURCHASE,SETTLED,BLIK,PLN,105.25,2025-09-20T16:52:41.229Z,455193,,
77dd362b-4a6b-436b-957f-108b86514886,T0042-ECO,PURCHASE,SETTLED,BLIK,EUR,14.04,2025-07-05T11:39:38.307Z,678665,,
ead44e11-1397-429f-8d0d-f6f60c37eb80,T0010-POS,PURCHASE,SETTLED,CARD,CZK,193.87,2025-09-14T15:37:02.737Z,596152,MASTERCARD,545454******4841
c942e6e8-2df7-41e0-b67f-3c15a95d3271,T0037-MOB,PURCHASE,SETTLED,CARD,PLN,18.21,2025-02-02T08:19:27.426Z,776487,VISA,411111******1866
cf5c8dd3-df10-4434-ab09-6202f77aefe1,T0046-MOB,PURCHASE,SETTLED,CARD,PLN,23.14,2025-10-18T02:49:04.618Z,357915,MASTERCARD,545454******4342
b11a3696-75cd-4e5c-ba24-8720a7e29299,T0017-ECO,PURCHASE,SETTLED,CARD,PLN,27.78,2025-10-17T00:52:59.616Z,180077,VISA,411111******0217
30d867cd-038d-4f5a-a296-d3f62005dd7e,T0047-MOB,PURCHASE,SETTLED,CARD,PLN,10.81,2025-09-10T08:00:50.247Z,091892,MASTERCARD,545454******4958
2a85e3b1-1dd0-4ecd-8595-c9a36c0046f0,T0028-ECO,PURCHASE,SETTLED,DIGITAL_WALLET,PLN,37.25,2025-01-08T14:56:38.880Z,497013,MASTERCARD,545454******2427
a1628abf-1a48-4803-8204-0c8155773297,T0029-ECO,PURCHASE,DECLINED,CARD,PLN,127.68,2025-06-11T10:28:24.868Z,,MASTERCARD,545454******0834
7c711cc8-6651-43fa-bccc-92580979f5d3,T0032-ECO,PURCHASE,PENDING,BLIK,EUR,48.58,2025-12-30T05:27:01.694Z,,,
e493998a-4491-4e40-9042-3a8e8da22a39,T0032-POS,PURCHASE,SETTLED,BLIK,EUR,443.60,2025-02-15T09:58:00.506Z,331192,,
81f46dfd-3b6b-4c0d-b028-05af580661f1,T0040-ECO,PURCHASE,SETTLED,CARD,CZK,111.72,2025-11-24T04:21:46.732Z,492034,MASTERCARD,545454******3149
d83333c3-f88f-4199-8cbc-bf4b78ea47e2,T0043-MOB,PURCHASE,SETTLED,CARD,PLN,21.51,2025-09-26T05:46:03.767Z,834637,MASTERCARD,545454******5902
7e64c44f-fe67-4797-b16c-084e6a7df379,T0006-ECO,PURCHASE,SETTLED,CARD,PLN,29.19,2025-01-19T06:31:53.018Z,832026,MASTERCARD,545454******1653
9e189a98-1d2d-4771-ae3d-24945675c8f3,T0023-MOB,PURCHASE,DECLINED,CARD,PLN,15.33,2025-07-08T21:15:11.264Z,,VISA,411111******1043
dfaa8505-b0ac-49ba-9a78-f4c526b3a03a,T0022-MOB,PURCHASE,SETTLED,BLIK,EUR,48.42,2025-10-02T08:10:15.051Z,939857,,
2ac38bd3-1afc-488c-81de-c9db0abe8257,T0029-MOB,PURCHASE,PENDING,DIGITAL_WALLET,PLN,251.16,2025-12-20T19:00:10.370Z,,VISA,411111******9215
23450e72-d1b4-4562-95a8-d6a15d1ddcb7,T0011-ECO,PURCHASE,SETTLED,CARD,EUR,19.88,2025-06-11T11:04:09.787Z,678526,VISA,411111******2527
6a3e0103-c13d-4929-b717-548d5f57fd27,T0050-POS,PURCHASE,SETTLED,CARD,CZK,109.49,2025-02-28T21:07:08.771Z,278937,VISA,411111******1396
da36433a-f3ab-4246-b570-d730e5e79add,T0049-ECO,PURCHASE,DECLINED,CARD,PLN,48.77,2025-01-12T13:24:38.453Z,,MASTERCARD,545454******6706
c5ba36af-fb60-4e1c-a6d2-975250970843,T0010-POS,PURCHASE,SETTLED,BLIK,CZK,827.09,2025-09-07T02:53:39.154Z,354737,,
b366ffd1-ae4d-4a19-a2c2-aa2466e9a80e,T0037-POS,REVERSAL,REVERSED,DIGITAL_WALLET,PLN,51.02,2025-10-16T10:26:32.321Z,,MASTERCARD,545454******6869
a4d546e1-7239-4201-a768-7c42b3468999,T0023-POS,PURCHASE,SETTLED,BLIK,PLN,14.73,2025-11-03T03:52:33.633Z,153995,,
4d3129b3-e187-4e93-b281-f976c680a2e5,T0042-MOB,PURCHASE,SETTLED,BLIK,EUR,9.57,2025-06-01T11:00:11.742Z,424154,,
5738b277-8576-4472-8fef-c63f8d41d660,T0047-ECO,PURCHASE,SETTLED,DIGITAL_WALLET,PLN,75.56,2025-01-11T19:57:54.911Z,536526,VISA,411111******1520
5f7b8b00-d772-4330-8f58-9a93bb63721d,T0035-ECO,PURCHASE,SETTLED,CARD,PLN,19.36,2025-02-18T02:01:15.048Z,115806,MASTERCARD,545454******8278
3c70dfca-fba2-45f1-96c7-6990740173c1,T0049-ECO,PURCHASE,SETTLED,BANK_TRANSFER,PLN,129.68,2025-09-01T19:00:05.681Z,005466,,
53edc74f-1af0-46df-bf64-e5eebccd9b8c,T0035-ECO,PURCHASE,SETTLED,CARD,PLN,46.29,2025-10-30T08:36:26.369Z,544909,VISA,411111******6187
36fc1c46-79eb-48bb-a14b-d473e3755867,T0030-POS,PURCHASE,SETTLED,CARD,CZK,193.06,2025-07-24T09:03:27.412Z,445526,VISA,411111******1018
70a91477-ff1b-454d-ac65-659da2ef1e21,T0038-ECO,PURCHASE,SETTLED,BLIK,PLN,88.39,2025-03-05T05:48:16.147Z,523058,,
2826a561-bf1a-41d7-8858-f527792dd499,T0033-POS,PURCHASE,AUTHORIZED,CARD,PLN,149.60,2025-02-16T02:58:47.616Z,477555,VISA,411111******3483
4da273ed-5fdc-4844-bdb3-7e454e0f89b9,T0027-POS,PURCHASE,SETTLED,CARD,PLN,5.34,2025-04-29T12:20:03.910Z,389511,VISA,411111******1929
92b4002c-7b2e-40e1-aae6-34800b704f97,T0019-POS,PURCHASE,SETTLED,CARD,PLN,24.63,2025-05-12T04:44:27.800Z,912708,MASTERCARD,545454******1106
aacefa98-732e-4280-82fd-617775ffe99a,T0025-MOB,PURCHASE,SETTLED,DIGITAL_WALLET,PLN,23.25,2025-05-07T07:14:07.091Z,667376,VISA,411111******8270
f544b28c-0bba-472a-8a7e-9cce56c890a5,T0040-ECO,PURCHASE,DECLINED,BLIK,CZK,377.85,2025-04-18T17:19:23.661Z,,,
1fb026cc-a529-4f56-8fa0-9a4c4f10aae3,T0006-POS,PURCHASE,SETTLED,BLIK,PLN,58.55,2025-08-29T06:44:23.554Z,741761,,
f65e52fd-2e03-49cc-8827-f0b5efa99c7e,T0037-POS,PURCHASE,SETTLED,DIGITAL_WALLET,PLN,10.13,2025-12-11T17:33:07.593Z,690229,VISA,411111******1970
05f4949b-ef10-46cc-9caa-59947dd12d57,T0029-POS,PURCHASE,SETTLED,BLIK,PLN,31.98,2025-01-10T08:13:36.880Z,047168,,
c4af9dc9-416c-4562-aec3-641124df6dcc,T0034-MOB,PURCHASE,PENDING,CARD,PLN,16.19,2025-06-08T04:05:29.694Z,,VISA,411111******4675
69aec17b-2478-4b7d-91ee-3cc819474d1a,T0011-POS,PURCHASE,SETTLED,CARD,EUR,110.89,2025-11-18T11:06:32.921Z,408881,VISA,411111******4882
1d75f901-f309-406e-a292-8cdc8121c051,T0008-POS,PURCHASE,SETTLED,CARD,PLN,25.01,2025-08-03T19:27:43.416Z,788938,MASTERCARD,545454******8333
acd32f62-960f-49fc-b6a6-46ee8dd7e052,T0005-MOB,PURCHASE,DECLINED,CARD,PLN,60.18,2025-08-09T16:25:59.416Z,,VISA,411111******4409
2b0e63fd-fc3d-4138-8a5a-42725f90ee57,T0029-POS,PURCHASE,SETTLED,BLIK,PLN,127.25,2025-06-14T13:39:32.984Z,149282,,
7b708f15-ebfb-497a-aefa-4d760f67a174,T0036-MOB,PURCHASE,AUTHORIZED,CARD,PLN,26.60,2025-09-22T02:02:19.389Z,000569,MASTERCARD,545454******2742
6532b3ae-16f7-41ac-8cf6-a29711e74656,T0023-ECO,PURCHASE,SETTLED,CARD,PLN,333.05,2025-10-09T14:10:38.569Z,590433,VISA,411111******8750
73e5550d-b52f-4f46-80b0-8dd0fac9b5b6,T0018-MOB,PURCHASE,DECLINED,CARD,PLN,14.11,2025-05-05T21:53:08.349Z,,MASTERCARD,545454******4282
e6c51969-0118-41cf-b9fd-cd339bd972ca,T0014-MOB,PURCHASE,DECLINED,DIGITAL_WALLET,PLN,61.27,2025-07-09T21:35:35.780Z,,VISA,411111******0033
d0126e91-f8d7-4cbc-9a5d-dcc51f982a0d,T0026-ECO,PURCHASE,SETTLED,CARD,PLN,26.26,2025-05-31T04:46:51.181Z,704900,VISA,411111******7293
be3eb6f7-38b5-45b9-8265-a22371cfd772,T0050-ECO,PURCHASE,SETTLED,BANK_TRANSFER,CZK,71.05,2025-12-24T20:03:29.726Z,202365,,
47dfa607-096b-4724-9ced-83b3f7a0be7a,T0023-POS,PURCHASE,SETTLED,CARD,PLN,42.88,2025-08-24T08:34:50.214Z,517795,VISA,411111******3838
319aed6a-8d41-4b4c-aba4-63087e7786aa,T0001-POS,PURCHASE,SETTLED,DIGITAL_WALLET,EUR,84.05,2025-09-23T00:16:34.617Z,524629,MASTERCARD,545454******9324
ba991da0-85e8-4165-a189-6b253a5bece9,T0037-POS,PURCHASE,SETTLED,CARD,PLN,81.38,2025-09-21T07:13:10.023Z,897034,MASTERCARD,545454******9337
a4165dd1-6d57-4fd1-b019-955f00801ed9,T0045-ECO,PURCHASE,SETTLED,BLIK,PLN,104.43,2025-11-28T14:33:00.961Z,475976,,
e240e060-0b20-402f-824f-3f4c846af2e6,T0021-MOB,PURCHASE,SETTLED,DIGITAL_WALLET,EUR,66.57,2025-12-23T16:01:44.430Z,379030,MASTERCARD,545454******8119
eac032fa-130e-4618-b530-c98d6c7f7bef,T0035-MOB,PURCHASE,SETTLED,CARD,PLN,26.75,2025-05-01T16:55:14.064Z,723044,VISA,411111******3696
3d051bf4-793c-4fbf-9b9b-71f03f4574d4,T0041-ECO,PURCHASE,DECLINED,CARD,EUR,141.00,2025-04-02T22:36:39.966Z,,MASTERCARD,545454******4102
0f892df6-f97a-422c-95e5-9a0f1ff49f0a,T0005-ECO,PURCHASE,SETTLED,BLIK,PLN,140.92,2025-12-12T16:10:54.868Z,607056,,
a04dac84-9c59-4e03-8d2d-35570e06a416,T0045-POS,PURCHASE,DECLINED,BLIK,PLN,39.24,2025-01-22T16:00:00.572Z,,,
9fbeffb3-a8e3-4c9b-8997-f2fa997dcd9a,T0004-MOB,PURCHASE,SETTLED,DIGITAL_WALLET,PLN,11.44,2025-11-05T19:28:19.438Z,906580,MASTERCARD,545454******3819
1ba651ed-3146-44a6-967a-efbb5404801d,T0040-ECO,PURCHASE,SETTLED,CARD,CZK,41.50,2025-01-27T05:33:36.607Z,542337,VISA,411111******7439
0b483935-cc09-4e64-a33e-84ac3e3f3da0,T0013-ECO,PURCHASE,SETTLED,CARD,PLN,14.95,2025-06-19T06:23:56.525Z,194954,MASTERCARD,545454******7284
5e6ba460-4a83-4ab5-97c8-50b09a73cd2f,T0042-MOB,PURCHASE,SETTLED,CARD,EUR,238.10,2025-09-13T09:59:31.694Z,323668,VISA,411111******7692
a3fb6609-334b-42a2-b9fc-9c3f32063388,T0010-POS,PURCHASE,SETTLED,CARD,CZK,98.60,2025-09-27T19:50:01.708Z,360517,VISA,411111******6915
542060ce-6b2f-4d47-8cb4-a7f69db8ef7e,T0030-ECO,PURCHASE,SETTLED,BLIK,CZK,77.30,2025-11-03T11:47:48.932Z,351965,,
bc0dd6ed-7b12-4ee5-bd30-5a0736903edb,T0003-MOB,PURCHASE,SETTLED,CARD,PLN,535.80,2025-11-10T12:18:50.757Z,654227,VISA,411111******7643
247474b3-1d7d-4bb3-8e00-44e207af3b8a,T0025-POS,PURCHASE,SETTLED,CARD,PLN,28.62,2025-08-16T10:59:34.934Z,375271,VISA,411111******1208
56fe4769-2c9d-490a-b805-ae3c43125b58,T0049-MOB,PURCHASE,SETTLED,CARD,PLN,98.56,2025-03-18T02:44:11.022Z,928390,VISA,411111******3587
74c9c3ad-4e19-492b-b5d2-1deaefa52c8a,T0012-MOB,PURCHASE,SETTLED,DIGITAL_WALLET,EUR,4.31,2025-09-14T16:06:56.175Z,354820,MASTERCARD,545454******1818
60d16c16-8855-417d-b112-0678308c523d,T0034-ECO,PURCHASE,SETTLED,DIGITAL_WALLET,PLN,72.88,2025-06-16T19:36:16.651Z,833511,VISA,411111******2142
53e2e047-2608-4b53-8a22-6cfe4b4f8f74,T0016-POS,PURCHASE,DECLINED,BLIK,PLN,13.87,2025-04-19T18:28:20.893Z,,,
a9db47b9-ca7e-4b33-b87d-a6d7c8dfd1f1,T0009-ECO,PURCHASE,SETTLED,BANK_TRANSFER,PLN,56.64,2025-05-31T17:30:06.769Z,085362,,
7eaab0a1-f4ac-47ef-b734-d4677bb95b07,T0042-ECO,PURCHASE,SETTLED,CARD,EUR,40.15,2025-09-05T19:34:30.943Z,728246,MASTERCARD,545454******8609
6088825e-e382-4da1-acce-4c234e55f3fe,T0038-ECO,PURCHASE,SETTLED,CARD,PLN,298.34,2025-05-26T06:55:59.260Z,229212,VISA,411111******6486
9f021a19-8323-4ba9-b71a-d3fe0a8857a5,T0036-POS,PURCHASE,SETTLED,CARD,PLN,26.80,2025-06-17T23:14:41.418Z,612328,MASTERCARD,545454******3771
1519613c-e6c7-4f15-9bed-83be136d6cce,T0024-MOB,PURCHASE,SETTLED,CARD,PLN,22.03,2025-08-01T07:09:53.659Z,676703,VISA,411111******4351
54492845-acd3-456f-b257-69cd5571276b,T0006-MOB,PURCHASE,SETTLED,DIGITAL_WALLET,PLN,8.31,2025-10-26T10:46:45.699Z,210036,VISA,411111******8946
b757ec69-c09c-4207-9ae1-3a7fff9779f7,T0018-POS,REVERSAL,REVERSED,BLIK,PLN,33.86,2025-08-14T05:33:39.775Z,,,
35ba5e93-bfc7-4282-b92c-8a723a17d79a,T0042-POS,PURCHASE,SETTLED,CARD,EUR,40.83,2025-11-02T05:48:52.565Z,238633,VISA,411111******6512
c5274f35-6dc5-4044-b016-b62bd8867545,T0049-MOB,PURCHASE,SETTLED,BLIK,PLN,164.34,2025-06-20T08:48:05.460Z,328282,,
56fe972b-5acb-487d-9594-9c84a8aa454e,T0036-POS,PURCHASE,SETTLED,CARD,PLN,19.69,2025-10-20T06:59:04.413Z,849767,VISA,411111******8188
27584f1a-239e-4593-ac11-a44d083ed925,T0049-ECO,PURCHASE,SETTLED,BLIK,PLN,80.03,2025-12-21T20:47:15.622Z,823507,,
f6419405-91cb-4c49-942e-f29e1bcfb92f,T0037-MOB,PURCHASE,SETTLED,DIGITAL_WALLET,PLN,20.29,2025-02-06T05:04:25.175Z,497840,MASTERCARD,545454******3085
11ca2a0b-32f1-44d8-afcb-0dce06dee37b,T0007-ECO,PURCHASE,SETTLED,BLIK,PLN,141.05,2025-03-21T23:03:19.238Z,512348,,
e8e977f0-dc15-47c5-93a7-55812bfcc524,T0019-ECO,PURCHASE,SETTLED,BLIK,PLN,37.29,2025-02-13T00:12:30.132Z,011583,,
34a73f9d-ded5-4017-a143-3dfc34dbda6b,T0035-MOB,PURCHASE,AUTHORIZED,BLIK,PLN,7.45,2025-09-16T04:18:59.486Z,907751,,
33a2ca5f-4683-4cc5-b57e-2b43af516850,T0011-ECO,PURCHASE,SETTLED,BLIK,EUR,12.87,2025-11-10T15:03:32.252Z,751589,,
74d082c5-eb3c-4270-a188-d3d7a573dc30,T0034-MOB,PURCHASE,SETTLED,DIGITAL_WALLET,PLN,8.41,2025-11-04T17:12:26.304Z,301897,VISA,411111******1492
2ef634f2-a8b9-4820-a92c-5b92627967a3,T0026-ECO,PURCHASE,SETTLED,DIGITAL_WALLET,PLN,65.14,2025-09-29T07:50:27.968Z,480067,VISA,411111******7079
ea92659b-aaaa-477f-8ab9-46a289a92af3,T0003-POS,PURCHASE,DECLINED,BLIK,PLN,23.59,2025-02-17T01:57:04.377Z,,,
06d6fba7-7650-4bcd-8b6d-35d7818d72af,T0005-POS,PURCHASE,SETTLED,CARD,PLN,89.33,2025-10-17T16:49:38.408Z,217445,VISA,411111******4141
761b7e11-7c19-4e61-b6d8-cbc7bfa93b6e,T0013-MOB,PURCHASE,SETTLED,CARD,PLN,8.67,2025-04-05T02:20:24.730Z,702855,VISA,411111******5359
88df12c1-1fc8-428d-8b4d-10792d5f60d9,T0029-POS,PURCHASE,SETTLED,CARD,PLN,73.56,2025-09-18T17:49:42.781Z,105397,VISA,411111******9944
d624f055-0c39-4d0e-b25d-b530712ab8eb,T0001-ECO,PURCHASE,SETTLED,CARD,EUR,72.58,2025-09-15T07:19:11.733Z,226667,VISA,411111******8721
edc72f12-33a5-4ac6-8461-994d609cfe40,T0043-POS,PURCHASE,SETTLED,CARD,PLN,249.17,2025-01-25T12:48:03.225Z,809930,VISA,411111******0797
9fea97cc-3086-4fe3-a075-13728fe2c74f,T0007-ECO,PURCHASE,SETTLED,CARD,PLN,14.93,2025-12-31T15:23:55.438Z,338354,VISA,411111******5359
38583966-7572-46f6-b677-f5b463a1bcaa,T0008-POS,PURCHASE,SETTLED,CARD,PLN,67.20,2025-01-27T03:34:22.906Z,012563,MASTERCARD,545454******5181
d9b81389-ec16-4db7-bd93-754aca90001c,T0014-MOB,PURCHASE,PENDING,CARD,PLN,52.39,2025-02-06T19:05:00.614Z,,VISA,411111******8784
2ce27ec9-5501-40bf-a207-cb65b197aed1,T0021-ECO,PURCHASE,PENDING,BLIK,EUR,330.69,2025-05-04T11:40:01.871Z,,,
3b803c61-bde7-4473-a3fd-d59c82d29bf8,T0043-MOB,PURCHASE,DECLINED,CARD,PLN,45.60,2025-01-06T03:53:14.238Z,,MASTERCARD,545454******6264
5fe0c7c3-2336-460b-8f57-1d6b1452e130,T0002-ECO,PURCHASE,SETTLED,DIGITAL_WALLET,EUR,44.58,2025-05-26T22:13:28.209Z,649871,MASTERCARD,545454******3990
a4c31af7-514a-46bf-8733-4b73225f52ab,T0042-POS,PURCHASE,PENDING,CARD,EUR,105.16,2025-11-12T15:00:40.295Z,,MASTERCARD,545454******5385
fd063a58-aa3d-4585-aaec-f4e0e81909ce,T0049-POS,PURCHASE,SETTLED,CARD,PLN,11.24,2025-10-07T10:14:48.227Z,056700,VISA,411111******8836
f42323d9-11ea-4815-bddc-44f5deaf9631,T0039-MOB,PURCHASE,SETTLED,BLIK,PLN,10.56,2025-02-24T23:10:26.960Z,067755,,
b998e2d3-6d1e-4d7d-9402-96ee81e6935f,T0014-POS,PURCHASE,DECLINED,CARD,PLN,41.78,2025-03-18T17:10:17.250Z,,VISA,411111******3871
f37599aa-147b-4d20-bb2e-00e6c8028d0e,T0028-POS,PURCHASE,SETTLED,CARD,PLN,171.95,2025-03-07T03:41:34.482Z,904318,VISA,411111******4454
051256b8-7b64-465c-8b26-a809f42973f5,T0029-MOB,PURCHASE,SETTLED,BLIK,PLN,97.98,2025-02-02T07:47:11.777Z,859416,,
48817b98-741f-4545-8e4c-01f676b1d8fa,T0020-ECO,PURCHASE,SETTLED,BLIK,CZK,129.77,2025-01-28T22:31:34.341Z,398930,,
6790eee0-7dcf-4924-9fcf-5c22b9b03c1a,T0009-ECO,PURCHASE,SETTLED,CARD,PLN,162.00,2025-07-10T02:56:49.315Z,765847,VISA,411111******8203
31b8f079-2990-44c0-90cb-b982eea00af9,T0042-ECO,PURCHASE,PENDING,CARD,EUR,291.00,2025-05-16T08:59:19.521Z,,VISA,411111******6304
3f2dbf97-bc54-4d54-ac8d-e840ed305556,T0046-MOB,PURCHASE,SETTLED,BLIK,PLN,191.63,2025-09-20T16:44:36.028Z,404051,,
9a26755a-3f56-4381-8119-055925b9de82,T0045-ECO,PURCHASE,SETTLED,BLIK,PLN,66.58,2025-03-04T16:36:45.012Z,714149,,
2a736a67-6c46-4d48-a041-f0a33056b87f,T0008-POS,PURCHASE,SETTLED,CARD,PLN,95.31,2025-04-28T08:53:25.512Z,954150,VISA,411111******8495
582a2099-cc2b-4f49-86d5-3a909296ae08,T0035-ECO,PURCHASE,SETTLED,DIGITAL_WALLET,PLN,93.45,2025-03-23T08:55:10.952Z,667083,VISA,411111******1790
c6141017-11e1-41c7-98cc-84170067743e,T0048-MOB,PURCHASE,SETTLED,BLIK,PLN,90.83,2025-09-12T04:34:46.295Z,515609,,
735e8153-1c38-42e8-b2cf-cd6380ab4b7f,T0047-MOB,PURCHASE,SETTLED,CARD,PLN,51.74,2025-03-20T00:54:16.060Z,190824,VISA,411111******7970
a0786a1f-70d3-45f7-a8a6-9e71df223246,T0048-POS,PURCHASE,PENDING,BLIK,PLN,57.65,2025-02-03T06:50:51.386Z,,,
f488e328-c075-4119-841d-de330fa1659f,T0008-MOB,PURCHASE,SETTLED,CARD,PLN,46.46,2025-08-23T04:13:34.532Z,009968,MASTERCARD,545454******1651
ffdba2ee-57d3-4c63-a3e1-03bbae8e6075,T0049-MOB,PURCHASE,SETTLED,DIGITAL_WALLET,PLN,29.46,2025-05-21T06:43:37.681Z,388796,MASTERCARD,545454******5514
19a53942-ce67-4962-948b-9bb7df8200b8,T0026-MOB,REFUND,REFUNDED,BLIK,PLN,16.06,2025-12-26T05:58:15.142Z,,,
deaeb0c0-a8ac-4ab1-afa9-d02c9e4c4be7,T0002-ECO,PURCHASE,AUTHORIZED,CARD,EUR,41.58,2025-03-14T23:40:50.003Z,473870,VISA,411111******6036
bd3c83c3-6671-49de-bc0a-8f909b54d227,T0041-MOB,PURCHASE,SETTLED,CARD,EUR,55.16,2025-06-16T04:28:07.961Z,244903,MASTERCARD,545454******7279
8522496a-deaf-4fa9-a4a6-3a6cb641d449,T0031-ECO,PURCHASE,SETTLED,DIGITAL_WALLET,EUR,44.53,2025-11-20T06:06:09.689Z,204553,MASTERCARD,545454******9947
a8e50e05-f1b7-4d1e-80d5-28282ba17f78,T0036-MOB,PURCHASE,SETTLED,CARD,PLN,65.59,2025-10-05T23:24:53.029Z,221921,VISA,411111******3987
aa5ca8cd-1f83-4b8d-abac-8660e5c345fc,T0011-MOB,PURCHASE,SETTLED,DIGITAL_WALLET,EUR,11.68,2025-10-09T17:21:08.503Z,997724,MASTERCARD,545454******7803
bc6aa8a7-be33-4380-b7aa-53b6e900b66f,T0006-ECO,PURCHASE,SETTLED,CARD,PLN,136.38,2025-11-01T21:29:36.575Z,395323,VISA,411111******5623
be9f44cb-302b-4401-afed-098b979a7368,T0028-POS,PURCHASE,SETTLED,CARD,PLN,263.79,2025-02-19T11:37:00.873Z,776555,VISA,411111******5574
fad76ab7-635d-4150-98dc-c3a5309a8327,T0021-MOB,PURCHASE,SETTLED,BLIK,EUR,25.22,2025-11-06T17:24:28.695Z,561620,,
50e08a81-75ea-4023-9a34-65d989cd90e7,T0009-ECO,PURCHASE,SETTLED,BLIK,PLN,142.11,2025-06-27T00:13:11.150Z,009634,,
fd869a13-809b-4813-8f13-823b51f4a724,T0039-MOB,PURCHASE,DECLINED,CARD,PLN,69.78,2025-11-26T04:51:00.723Z,,VISA,411111******9812
5548f613-cf69-4f2d-bb2c-2c830f0e5767,T0037-MOB,PURCHASE,SETTLED,BLIK,PLN,5.45,2025-11-26T08:35:05.750Z,395007,,
4c91ef0e-644d-452c-ba36-96cc7ccd1ac6,T0015-ECO,PURCHASE,SETTLED,BLIK,PLN,50.61,2025-09-21T06:28:25.484Z,898397,,
c0948932-52cb-4f69-a182-b51818e9ef77,T0023-MOB,PURCHASE,SETTLED,CARD,PLN,16.89,2025-08-13T03:29:49.140Z,412900,VISA,411111******8978
1a1940e4-935f-46e2-9b2c-1379b9d859f5,T0029-ECO,PURCHASE,SETTLED,CARD,PLN,20.29,2025-12-26T14:48:32.057Z,379821,VISA,411111******0149
b8f91075-a081-45d2-a608-92d6f84006f2,T0007-MOB,PURCHASE,SETTLED,DIGITAL_WALLET,PLN,37.69,2025-04-04T12:56:06.406Z,454894,MASTERCARD,545454******9722
c69e17c9-6018-4b17-bec5-715ca71db3a6,T0032-MOB,REFUND,REFUNDED,BLIK,EUR,223.09,2025-09-13T17:50:26.091Z,,,
1f3ec572-1527-42ac-9ddb-4f151eb85863,T0050-MOB,PURCHASE,SETTLED,DIGITAL_WALLET,CZK,211.37,2025-07-17T23:12:01.230Z,012166,MASTERCARD,545454******6018
2e5c58ad-97c6-4b3c-8b5a-1c0e1834a40d,T0002-ECO,PURCHASE,SETTLED,BLIK,EUR,73.38,2025-02-18T15:17:17.101Z,781565,,
64cfd9b9-050e-4961-b363-d272d0181ce6,T0021-POS,PURCHASE,SETTLED,BLIK,EUR,55.01,2025-11-12T10:13:04.542Z,425019,,
dcac41f8-2e40-41c1-9e09-14d2e5c943b1,T0032-POS,PURCHASE,SETTLED,CARD,EUR,55.00,2025-08-04T10:22:53.457Z,690573,VISA,411111******3399
15a905b4-08f6-4b3f-80c9-1cd8d9f8a24e,T0021-POS,PURCHASE,SETTLED,CARD,EUR,236.79,2025-05-22T04:37:17.989Z,269232,VISA,411111******9215
f21f9823-f23b-4efb-8bd1-8d4a4cf41edd,T0035-POS,REFUND,REFUNDED,CARD,PLN,52.12,2025-09-13T23:47:38.546Z,,VISA,411111******4068
1958a981-b01c-437e-b5b8-0aae82b60c8e,T0029-POS,PURCHASE,SETTLED,CARD,PLN,59.86,2025-01-15T06:23:06.192Z,564353,MASTERCARD,545454******9931
9f4fe355-baa6-461c-a0e4-dbfe470367f7,T0010-MOB,PURCHASE,SETTLED,DIGITAL_WALLET,CZK,166.04,2025-04-12T05:39:42.390Z,376507,VISA,411111******9695
bb909511-a12b-41ae-9210-17873429ce3b,T0042-POS,PURCHASE,SETTLED,CARD,EUR,15.21,2025-09-08T17:09:35.197Z,561936,MASTERCARD,545454******2346
50fcfdaa-274b-469e-9252-44876b709287,T0046-MOB,PURCHASE,SETTLED,BLIK,PLN,198.66,2025-01-11T01:29:50.987Z,172011,,
e8c44e4c-5ce1-4cc2-96c7-02a1a3e2ac17,T0039-POS,PURCHASE,SETTLED,CARD,PLN,30.17,2025-12-04T10:19:08.817Z,345356,MASTERCARD,545454******1080
86c71c16-2cfc-4b3f-9f9d-eccdecf678c0,T0015-MOB,PURCHASE,AUTHORIZED,CARD,PLN,78.64,2025-11-15T23:28:26.826Z,820755,MASTERCARD,545454******1720
2bb61a4e-0c47-4261-a585-a0a5195c663b,T0032-POS,PURCHASE,DECLINED,CARD,EUR,12.70,2025-03-12T03:59:22.353Z,,MASTERCARD,545454******9952
20a89260-97a1-42f6-ba13-9e906714272a,T0048-ECO,PURCHASE,SETTLED,BANK_TRANSFER,PLN,11.95,2025-10-04T23:43:01.159Z,890901,,
75318081-b4ef-4a29-ab12-05aa9bd3f580,T0043-POS,PURCHASE,SETTLED,CARD,PLN,125.04,2025-04-18T02:51:23.975Z,711160,MASTERCARD,545454******4081
1641d960-dba0-4dec-a2b8-fdcc4e20c377,T0028-ECO,PURCHASE,DECLINED,BANK_TRANSFER,PLN,162.94,2025-05-02T10:55:09.865Z,,,
8ddd6a3e-492d-45a7-be50-150015a75ed9,T0006-ECO,PURCHASE,AUTHORIZED,CARD,PLN,12.91,2025-09-24T01:47:54.693Z,060200,VISA,411111******9425
3e859c67-5855-44a0-bfea-3d2a88c982ec,T0035-ECO,PURCHASE,SETTLED,CARD,PLN,10.76,2025-03-07T10:50:06.690Z,736720,VISA,411111******6962
0d08367e-f3d5-4737-9a71-504b8380d397,T0049-ECO,PURCHASE,SETTLED,BANK_TRANSFER,PLN,36.11,2025-05-25T23:15:22.993Z,139794,,
368b7d68-43c6-4532-8b25-c4837bae0f3b,T0008-MOB,PURCHASE,SETTLED,DIGITAL_WALLET,PLN,4.17,2025-12-27T19:55:24.955Z,313710,VISA,411111******4752
541bf89c-75d9-407c-9d93-63ea0182144d,T0042-ECO,PURCHASE,SETTLED,DIGITAL_WALLET,EUR,30.34,2025-05-16T19:38:32.911Z,373024,MASTERCARD,545454******0942
6924e248-2759-4511-a604-bfbe83aa622f,T0047-POS,PURCHASE,SETTLED,CARD,PLN,12.69,2025-03-02T10:34:49.787Z,554797,VISA,411111******1388
fd474d95-1bd3-4f41-84fc-c054cfc15689,T0043-MOB,PURCHASE,SETTLED,CARD,PLN,23.20,2025-03-04T20:24:18.143Z,562484,MASTERCARD,545454******2984
2238dfc6-0a4e-4ccf-88ef-30ff308777b4,T0023-ECO,PURCHASE,DECLINED,CARD,PLN,22.05,2025-12-16T21:54:29.032Z,,VISA,411111******1813
ccc10250-7edd-4483-8cd4-e7bc7d338ca2,T0011-ECO,PURCHASE,SETTLED,CARD,EUR,63.90,2025-10-19T16:39:55.782Z,441550,MASTERCARD,545454******1946
f52a6cbf-1c17-429f-a1a4-96a8638b9370,T0050-MOB,PURCHASE,DECLINED,BLIK,CZK,68.55,2025-10-26T00:32:46.700Z,,,
7c65dbfb-483f-4a72-8a1a-7c2e7aededf4,T0016-POS,PURCHASE,PENDING,CARD,PLN,12.76,2025-08-28T20:34:18.156Z,,VISA,411111******7116
79510a45-32cb-48ba-addd-5c02d2137565,T0047-ECO,PURCHASE,SETTLED,CARD,PLN,288.21,2025-09-30T07:08:40.747Z,698698,MASTERCARD,545454******4052
09d261e0-66ba-4e51-a1de-23601ed68b71,T0033-ECO,REVERSAL,REVERSED,CARD,PLN,27.65,2025-02-26T18:46:04.436Z,,VISA,411111******3758
0fb49d98-7aac-4a0a-ad13-4ea8560fc071,T0002-ECO,PURCHASE,SETTLED,CARD,EUR,46.88,2025-04-29T04:11:17.112Z,232548,MASTERCARD,545454******3791
a911fd6d-0d58-4ee2-8023-1f700a77b5cc,T0018-MOB,PURCHASE,SETTLED,CARD,PLN,76.16,2025-07-03T07:54:03.286Z,190580,MASTERCARD,545454******0779
aed690cc-037f-4347-ab40-256118cd99c9,T0039-POS,PURCHASE,SETTLED,CARD,PLN,85.07,2025-05-09T15:07:01.369Z,116946,MASTERCARD,545454******4986
959677e9-35c4-4e08-86a4-7588a676ace1,T0048-MOB,PURCHASE,SETTLED,BLIK,PLN,7.66,2025-02-20T16:12:43.644Z,249825,,
19404d24-eced-4c30-b21d-f83cb46499f4,T0048-ECO,PURCHASE,DECLINED,CARD,PLN,8.95,2025-05-14T04:02:26.308Z,,VISA,411111******3160
40a582f7-b62b-4f62-8ced-48ea6b0ffa79,T0047-MOB,PURCHASE,SETTLED,DIGITAL_WALLET,PLN,172.51,2025-05-15T21:26:20.916Z,201019,VISA,411111******2094
f3d36295-ee6b-4b89-8615-50f66b43db40,T0024-MOB,PURCHASE,SETTLED,BLIK,PLN,45.01,2025-08-21T16:31:00.280Z,506274,,
7eba0464-65c2-47c0-9085-449dbd9f82d7,T0045-POS,REFUND,REFUNDED,CARD,PLN,513.94,2025-01-30T02:54:56.169Z,,VISA,411111******3116
37c23f27-9267-47e6-a8f5-f5c200ebf725,T0029-ECO,PURCHASE,SETTLED,CARD,PLN,52.43,2025-12-27T15:26:01.809Z,193007,MASTERCARD,545454******3390
44bd604f-b550-4e2b-8bde-7d883867f62d,T0033-MOB,PURCHASE,SETTLED,BLIK,PLN,49.80,2025-01-18T17:08:20.546Z,893884,,
a4752fa7-0d30-49bf-8a66-28a8df96048a,T0016-MOB,PURCHASE,DECLINED,CARD,PLN,25.46,2025-09-09T21:48:51.355Z,,VISA,411111******4430
22345eac-b8da-4559-8398-018f8c9d4a84,T0041-ECO,PURCHASE,AUTHORIZED,BANK_TRANSFER,EUR,29.82,2025-05-07T01:49:07.058Z,926926,,
89924e2d-0400-4249-b8bb-1616418860b9,T0041-POS,PURCHASE,AUTHORIZED,BLIK,EUR,345.26,2025-12-31T16:16:18.799Z,185320,,
9ab62311-a261-4918-a050-95fadeba0297,T0038-POS,PURCHASE,AUTHORIZED,BLIK,PLN,71.99,2025-03-27T16:30:17.332Z,269845,,
5e5f310c-6f14-4dc6-b9ed-e33fbad4f3e0,T0018-POS,PURCHASE,SETTLED,CARD,PLN,14.04,2025-07-12T14:41:35.185Z,242979,VISA,411111******7308
48340d51-a5c6-45ae-ae2f-2127babf3375,T0030-POS,PURCHASE,SETTLED,BLIK,CZK,89.73,2025-08-25T01:18:44.192Z,989179,,
ba0d3f1f-2325-45b4-86da-f596b96c2da0,T0005-POS,PURCHASE,DECLINED,CARD,PLN,14.66,2025-02-12T17:36:19.846Z,,MASTERCARD,545454******1642
9981d28f-a09c-4325-b047-fbeb2483c458,T0001-ECO,PURCHASE,SETTLED,BANK_TRANSFER,EUR,82.46,2025-10-02T17:57:56.087Z,280658,,
0e4ddb72-3e6a-41f1-a78e-2f607a99bd76,T0013-POS,PURCHASE,SETTLED,CARD,PLN,49.50,2025-07-31T02:50:22.126Z,347871,VISA,411111******5036
3a0761d9-0624-4bdf-b96c-8f79e983c62e,T0002-POS,PURCHASE,SETTLED,CARD,EUR,38.61,2025-09-12T12:26:26.293Z,001269,MASTERCARD,545454******2323
397a4dc8-1c31-49b9-bda2-f9a02b6838e3,T0015-ECO,PURCHASE,DECLINED,CARD,PLN,23.64,2025-02-15T23:06:39.369Z,,VISA,411111******8057
4d334878-afe9-43dc-aad2-6db6e4a35a10,T0006-POS,PURCHASE,SETTLED,CARD,PLN,60.35,2025-12-06T23:20:22.106Z,157517,VISA,411111******6967
c9f279a8-138c-437a-8c76-864ab61831c5,T0018-MOB,PURCHASE,DECLINED,BLIK,PLN,7.76,2025-05-05T09:00:08.151Z,,,
f5a7620d-6d6d-41e1-93ed-82c51cf85164,T0025-MOB,PURCHASE,SETTLED,BLIK,PLN,70.44,2025-05-06T11:04:33.130Z,070583,,
cd591b8c-2362-4835-955d-f8c6a2f87dea,T0012-MOB,PURCHASE,SETTLED,CARD,EUR,28.65,2025-07-29T05:29:17.546Z,832046,MASTERCARD,545454******9858
c6cec51b-93ef-45c4-86e5-edf46bfdc189,T0032-ECO,PURCHASE,SETTLED,BLIK,EUR,167.13,2025-10-01T01:18:16.089Z,749649,,
2233212a-f526-4ea2-b953-3cb78ef1a114,T0016-MOB,REVERSAL,REVERSED,CARD,PLN,8.09,2025-12-03T14:54:19.797Z,,VISA,411111******5937
35f2e254-3e14-4f6a-abcb-b347e9b758ee,T0009-MOB,PURCHASE,SETTLED,BLIK,PLN,78.42,2025-01-11T05:34:14.712Z,976582,,
5d80a53b-259a-4d6c-87ba-408b287e09f1,T0028-MOB,PURCHASE,SETTLED,CARD,PLN,19.78,2025-01-05T20:18:02.582Z,912761,MASTERCARD,545454******9730
785e02ee-4cac-495c-b2e2-503ab2d515d1,T0027-POS,PURCHASE,SETTLED,BLIK,PLN,35.55,2025-10-31T11:08:49.660Z,553071,,
290c9e51-80d7-4805-ac6f-c084c04a3f68,T0045-POS,PURCHASE,DECLINED,CARD,PLN,538.33,2025-08-04T05:06:27.728Z,,VISA,411111******9898
858117a1-1789-46f3-b91e-8b9b45967e76,T0017-ECO,PURCHASE,SETTLED,BLIK,PLN,89.63,2025-01-22T17:55:41.224Z,164417,,
d109ffe5-13c3-4c1b-977a-80b89ae6befe,T0026-POS,REFUND,REFUNDED,BLIK,PLN,84.07,2025-09-11T11:36:16.657Z,,,
9a6aabb1-5cda-4385-93eb-43581ab9f662,T0026-MOB,PURCHASE,SETTLED,CARD,PLN,91.81,2025-04-04T00:34:50.288Z,113666,VISA,411111******4422
084930a1-ede0-4d33-a36d-756733a44f40,T0011-ECO,PURCHASE,SETTLED,CARD,EUR,27.47,2025-08-10T09:55:45.578Z,578490,MASTERCARD,545454******3075
fb04c6b1-022b-4960-8f00-ba6af189d0b1,T0003-ECO,PURCHASE,SETTLED,BANK_TRANSFER,PLN,31.73,2025-06-04T14:54:00.512Z,097738,,
54d144d5-18ed-4297-acb8-3fceb3e1511b,T0013-MOB,PURCHASE,PENDING,BLIK,PLN,24.16,2025-02-09T05:24:54.514Z,,,
142925a0-768e-412d-aeb0-0fb926cb2e99,T0050-POS,PURCHASE,SETTLED,CARD,CZK,1027.55,2025-10-26T13:58:30.735Z,169054,VISA,411111******4753
c90cd1d3-728e-4002-9766-fe0cc4c557d8,T0011-ECO,PURCHASE,SETTLED,BLIK,EUR,18.32,2025-08-31T03:10:07.876Z,975413,,
13331679-9b5c-4b58-9c42-5665ff3c03a6,T0028-POS,PURCHASE,SETTLED,BLIK,PLN,274.30,2025-07-13T05:14:55.099Z,218964,,
16509f14-e527-4ea2-880c-d031cc214b4e,T0001-POS,PURCHASE,DECLINED,BLIK,EUR,44.55,2025-03-07T21:52:58.956Z,,,
fc73e358-4208-4fc8-b5f3-21cbc59de4aa,T0019-POS,PURCHASE,SETTLED,CARD,PLN,42.03,2025-12-07T11:02:36.452Z,745175,VISA,411111******2935
66a3f3db-4960-42b0-9be7-a3335d0c8205,T0042-POS,REFUND,REFUNDED,DIGITAL_WALLET,EUR,29.66,2025-09-22T07:30:35.132Z,,MASTERCARD,545454******0648
73393f5d-8185-416a-a9c7-18eeaea4b7d6,T0029-MOB,PURCHASE,SETTLED,BLIK,PLN,102.05,2025-09-08T01:16:24.058Z,087546,,
da948cdf-6637-4dc7-91f4-48bb28802cff,T0048-POS,PURCHASE,SETTLED,CARD,PLN,13.50,2025-06-29T12:44:54.685Z,394077,VISA,411111******4762
2e266519-15f8-4768-9bef-39f177009b2e,T0006-MOB,PURCHASE,DECLINED,BLIK,PLN,20.74,2025-05-04T05:18:33.350Z,,,
2540647b-784f-4b14-b2d3-1a6527dea64c,T0039-MOB,PURCHASE,SETTLED,CARD,PLN,63.68,2025-01-13T03:57:13.615Z,571559,MASTERCARD,545454******0627
f3e08b1f-05df-4333-9e36-992f362465c1,T0050-MOB,PURCHASE,SETTLED,CARD,CZK,482.15,2025-04-08T21:28:28.650Z,056704,MASTERCARD,545454******3496
426b2236-e4a0-4521-ab6d-d0aa36cf9429,T0012-POS,PURCHASE,SETTLED,CARD,EUR,146.30,2025-10-20T12:06:34.304Z,550269,MASTERCARD,545454******6876
639e8bbc-9200-4957-b161-fd16e9a002a4,T0011-POS,PURCHASE,SETTLED,CARD,EUR,157.91,2025-12-14T02:37:36.611Z,371921,VISA,411111******7156
bbfecb11-f060-46a1-92d1-2566fc829c09,T0013-POS,PURCHASE,SETTLED,BLIK,PLN,217.52,2025-05-03T22:08:10.014Z,696320,,
7357d500-fcfd-448c-80f0-f7feb8e7bcf5,T0010-MOB,PURCHASE,SETTLED,DIGITAL_WALLET,CZK,423.04,2025-08-13T14:51:52.099Z,545984,MASTERCARD,545454******4305
3754c5ec-60a7-4c20-99d7-6c9c2a8598d1,T0003-POS,PURCHASE,SETTLED,BLIK,PLN,45.93,2025-09-29T14:06:29.511Z,812000,,
1d0678b7-55f8-4bb8-83dc-5b92f95ca96d,T0042-MOB,PURCHASE,DECLINED,CARD,EUR,172.69,2025-05-25T21:44:39.181Z,,MASTERCARD,545454******8571
e7e7eec3-ecd5-4fa3-b01a-50979ed0fe5f,T0036-ECO,PURCHASE,SETTLED,CARD,PLN,80.29,2025-09-10T06:56:24.016Z,736197,MASTERCARD,545454******4640
aaef0d3e-085a-4d62-8e4d-89f394cbb94e,T0040-MOB,PURCHASE,SETTLED,CARD,CZK,119.98,2025-03-28T13:23:10.795Z,527812,VISA,411111******7276
e8724434-69b6-475e-b6c5-3d2be9fdd358,T0030-ECO,PURCHASE,SETTLED,CARD,CZK,1430.03,2025-10-15T20:02:49.405Z,832308,VISA,411111******5744
e71594ff-d6a6-4618-8eb1-8c8843b63613,T0001-MOB,PURCHASE,SETTLED,BLIK,EUR,106.17,2025-04-04T19:27:02.004Z,690677,,
6e15c527-fe2a-4cbc-927a-e04ef58b8c61,T0027-POS,PURCHASE,SETTLED,CARD,PLN,10.15,2025-11-18T18:38:41.052Z,178688,MASTERCARD,545454******5490
288fc36a-846c-454c-9170-a2efe777c664,T0037-MOB,PURCHASE,PENDING,CARD,PLN,39.68,2025-11-08T03:27:50.129Z,,VISA,411111******6604
3429c8cf-5289-4c31-b2de-05fd28b7b541,T0033-POS,PURCHASE,DECLINED,CARD,PLN,9.41,2025-07-31T03:23:41.942Z,,MASTERCARD,545454******9058
38c4f346-e5dd-414c-a70b-ba9c3d5e69df,T0006-ECO,PURCHASE,SETTLED,CARD,PLN,21.12,2025-04-06T05:56:12.743Z,195617,MASTERCARD,545454******5867
a36d4d54-05ec-4e9f-a09f-c70024ce1460,T0050-MOB,PURCHASE,SETTLED,BLIK,CZK,105.13,2025-04-12T17:58:02.916Z,980393,,
059ef8d8-cba2-4d38-bdb4-990d19c59f2d,T0012-POS,PURCHASE,DECLINED,CARD,EUR,33.51,2025-08-31T23:47:09.078Z,,VISA,411111******6402
2dbdc7cf-e754-44c3-8298-8dd24c7b34e2,T0014-ECO,PURCHASE,SETTLED,CARD,PLN,93.95,2025-11-28T23:23:48.032Z,188540,MASTERCARD,545454******2639
1f20c257-ed34-4e32-8126-fa8fbddfd7eb,T0008-MOB,PURCHASE,SETTLED,DIGITAL_WALLET,PLN,8.37,2025-03-01T03:58:04.221Z,547093,VISA,411111******2595
2067902b-f099-42b6-b10c-cf77ba4d6c8e,T0024-POS,PURCHASE,SETTLED,BLIK,PLN,20.72,2025-02-05T17:13:15.356Z,087496,,
66629bd2-f243-45c6-833d-75956fa1c232,T0046-ECO,PURCHASE,DECLINED,BLIK,PLN,117.47,2025-03-18T20:20:31.703Z,,,
7ce28b5b-b8d8-4272-b429-c05d34b16488,T0046-MOB,PURCHASE,SETTLED,DIGITAL_WALLET,PLN,36.38,2025-08-20T14:11:47.765Z,832673,MASTERCARD,545454******2714
a1f886ce-e5dc-4ce5-9fbb-dfd75a58abba,T0018-MOB,PURCHASE,SETTLED,BLIK,PLN,120.90,2025-12-12T10:16:19.034Z,594691,,
87cebaaa-f713-4245-b34b-fa59a52523e3,T0033-MOB,PURCHASE,DECLINED,BLIK,PLN,34.42,2025-03-11T20:49:44.828Z,,,
c78e4415-2521-41f9-9f39-0d2b5f25210e,T0021-MOB,PURCHASE,SETTLED,BLIK,EUR,139.86,2025-03-25T00:30:12.476Z,688866,,
b75d2f0c-472e-4f3b-8f9a-fd511a58fa44,T0037-MOB,PURCHASE,SETTLED,DIGITAL_WALLET,PLN,218.56,2025-11-30T22:58:00.687Z,228026,VISA,411111******8638
7e7279ce-cd7f-45f6-8cb6-80293276ab75,T0005-ECO,PURCHASE,SETTLED,DIGITAL_WALLET,PLN,35.25,2025-06-13T14:12:56.122Z,207775,MASTERCARD,545454******5244
9364ecb5-db29-420a-8886-b7c6a4c755b0,T0008-MOB,PURCHASE,SETTLED,CARD,PLN,4.32,2025-06-06T10:28:07.037Z,018702,VISA,411111******4670
c0f1fa3a-5133-477b-8651-01734d0e391d,T0035-ECO,PURCHASE,SETTLED,CARD,PLN,33.53,2025-10-28T19:55:13.320Z,758386,VISA,411111******6800
9e33bdbc-f00d-4a65-9fb8-4f18d7d3ce21,T0032-ECO,PURCHASE,PENDING,CARD,EUR,18.57,2025-11-17T13:48:45.010Z,,MASTERCARD,545454******1989
cff1b675-e6fb-476b-b95f-22d530efd76b,T0009-POS,PURCHASE,SETTLED,DIGITAL_WALLET,PLN,4.41,2025-01-02T22:03:24.956Z,092292,VISA,411111******2788
caa81f13-9cdd-49a7-b01b-a134544ee743,T0045-POS,PURCHASE,SETTLED,CARD,PLN,93.15,2025-03-08T03:40:15.947Z,276537,MASTERCARD,545454******1229
87101172-8592-4e5f-9f53-db6eab117736,T0009-ECO,PURCHASE,DECLINED,CARD,PLN,19.06,2025-07-10T08:05:55.999Z,,MASTERCARD,545454******7320
5a5ed7eb-1532-4177-b61d-170a4bd600e6,T0018-MOB,PURCHASE,SETTLED,BLIK,PLN,98.46,2025-09-14T02:48:22.662Z,803421,,
62934e8e-d189-4750-b7d8-b4283754a771,T0048-POS,PURCHASE,SETTLED,CARD,PLN,24.58,2025-03-23T00:51:56.833Z,703069,VISA,411111******0215
d909e0c9-276c-4935-a7c1-0adb743ac892,T0038-ECO,PURCHASE,AUTHORIZED,BLIK,PLN,48.92,2025-03-26T23:13:20.938Z,742929,,
afaf20ec-2a08-4526-ac4f-e33d47206b6c,T0024-MOB,PURCHASE,SETTLED,DIGITAL_WALLET,PLN,3.52,2025-09-09T19:22:02.104Z,071973,MASTERCARD,545454******3079
87e81b25-a971-4404-b9ea-e46107516daa,T0010-MOB,PURCHASE,SETTLED,DIGITAL_WALLET,CZK,200.10,2025-12-26T23:35:33.563Z,279714,MASTERCARD,545454******3064
0c941263-190a-40d6-9ea9-f25945c86249,T0006-MOB,PURCHASE,SETTLED,CARD,PLN,115.74,2025-06-14T02:48:32.198Z,462779,MASTERCARD,545454******0870
a576db48-0cc4-4000-ae60-89481bf384ef,T0019-POS,PURCHASE,SETTLED,CARD,PLN,27.54,2025-02-14T17:37:44.054Z,454626,MASTERCARD,545454******8497
bbe277ba-384a-4967-99ef-13bf649423aa,T0003-ECO,PURCHASE,SETTLED,CARD,PLN,271.29,2025-07-12T07:20:03.210Z,410945,VISA,411111******6628
9f4325f4-b352-4505-a864-6e0c80d458b9,T0011-POS,PURCHASE,SETTLED,CARD,EUR,42.21,2025-12-19T02:45:21.704Z,194069,VISA,411111******1544
558492ba-6d8c-4504-b97f-6e4daa810850,T0016-POS,PURCHASE,SETTLED,CARD,PLN,98.37,2025-10-23T06:08:37.873Z,013353,MASTERCARD,545454******2323
91386474-0473-4982-91a5-29db0b90b03d,T0001-ECO,PURCHASE,SETTLED,CARD,EUR,69.09,2025-03-30T15:47:43.537Z,114699,VISA,411111******7742
7d9c03c7-73de-4a56-95ee-f366bc76b752,T0033-POS,PURCHASE,SETTLED,BLIK,PLN,19.87,2025-05-22T11:25:21.469Z,842942,,
a3c9f400-ba6c-457c-84f1-6d9daf8f8cf0,T0001-MOB,PURCHASE,SETTLED,CARD,EUR,268.88,2025-02-25T00:06:59.365Z,283049,MASTERCARD,545454******1847
ebaf89c7-319f-42f7-96da-a8f5be8eb66f,T0032-POS,PURCHASE,PENDING,CARD,EUR,5.54,2025-07-24T15:07:41.179Z,,MASTERCARD,545454******3380
b3ab800b-8523-4070-945b-37110a858722,T0017-ECO,PURCHASE,SETTLED,CARD,PLN,22.34,2025-06-18T08:08:11.814Z,199829,MASTERCARD,545454******5067
25aa620f-af7e-4d9e-ad5f-24c37fb9ae49,T0030-ECO,PURCHASE,SETTLED,BANK_TRANSFER,CZK,208.81,2025-04-23T12:57:42.638Z,008739,,
d3520a91-4873-4252-b7a2-a1800a7be6e7,T0036-ECO,PURCHASE,SETTLED,CARD,PLN,52.91,2025-04-29T18:27:46.005Z,475904,MASTERCARD,545454******0255
dbe81d7a-c907-43e8-8884-1707e0f3ee66,T0028-MOB,PURCHASE,SETTLED,BLIK,PLN,48.54,2025-08-06T18:33:38.158Z,367230,,
4a720071-14a9-4e59-ab13-13b795d14b6d,T0006-ECO,REVERSAL,REVERSED,CARD,PLN,17.89,2025-05-18T17:24:43.254Z,,VISA,411111******7078
905c3fd9-2c5d-449c-8f8c-61b998d788d9,T0044-ECO,PURCHASE,DECLINED,CARD,PLN,18.40,2025-11-09T09:22:02.592Z,,MASTERCARD,545454******4948
ed57a5c8-9110-4698-8c1e-172a15e9bee4,T0009-ECO,PURCHASE,SETTLED,DIGITAL_WALLET,PLN,72.58,2025-05-27T00:15:23.801Z,319811,VISA,411111******4932
f62162ab-6ba6-4252-b76f-fd036d7bba17,T0028-POS,PURCHASE,SETTLED,CARD,PLN,38.16,2025-08-06T01:24:37.027Z,371399,MASTERCARD,545454******7673
9ef2a148-2095-45d5-9f84-3666831ffc00,T0050-MOB,PURCHASE,DECLINED,CARD,CZK,265.15,2025-04-24T22:09:24.054Z,,VISA,411111******9508
fc75de3d-d473-43b5-852a-2da70e00583d,T0049-MOB,PURCHASE,SETTLED,CARD,PLN,65.74,2025-02-07T19:49:30.841Z,088771,MASTERCARD,545454******0890
f79f8fa9-bd8c-4f4f-8fe2-75b124e72383,T0019-ECO,PURCHASE,SETTLED,CARD,PLN,44.24,2025-09-20T09:48:04.655Z,541342,VISA,411111******3359
33611134-b012-40ab-9fa8-70407c260521,T0010-MOB,PURCHASE,AUTHORIZED,BLIK,CZK,273.69,2025-02-07T14:50:04.253Z,844750,,
2f1d80ea-fb91-4b90-bbd5-0aeb679111dd,T0014-POS,PURCHASE,SETTLED,CARD,PLN,70.07,2025-09-22T14:22:00.449Z,314492,VISA,411111******1995
8bf349a3-b31a-4d22-bddd-bd3682f2a59e,T0043-ECO,PURCHASE,SETTLED,CARD,PLN,16.62,2025-04-23T09:51:37.683Z,179071,VISA,411111******3943
072915c7-25ee-4dfd-acc1-da4dd0411dec,T0007-ECO,PURCHASE,SETTLED,CARD,PLN,29.30,2025-06-01T05:44:42.011Z,437147,VISA,411111******7601
23a9654d-f679-4544-9acf-614ae834fb5b,T0038-MOB,PURCHASE,SETTLED,CARD,PLN,36.64,2025-04-18T12:55:57.009Z,952220,MASTERCARD,545454******0698
8356ed61-63ff-44b5-866a-0c09b4cb22f4,T0011-MOB,PURCHASE,SETTLED,BLIK,EUR,18.08,2025-05-12T18:25:19.470Z,946392,,
6063cb32-7bd6-40b5-a527-8097d6de0902,T0046-POS,PURCHASE,SETTLED,CARD,PLN,6.81,2025-07-16T21:23:53.794Z,960663,MASTERCARD,545454******1117
0b8079d7-114c-440d-a75d-b93bd4736d37,T0043-ECO,PURCHASE,SETTLED,CARD,PLN,11.30,2025-07-13T23:03:40.956Z,647469,MASTERCARD,545454******9576
e47919dd-ba68-469f-ac8b-2151e1792fcd,T0044-MOB,PURCHASE,SETTLED,CARD,PLN,96.33,2025-05-26T08:56:05.621Z,943502,VISA,411111******1727
321a9240-3321-4bb0-8e74-b39c92e33940,T0041-POS,PURCHASE,SETTLED,DIGITAL_WALLET,EUR,21.01,2025-04-22T02:32:45.230Z,668357,MASTERCARD,545454******2182
f5b79271-a10d-4956-8634-caf6950506dd,T0013-ECO,PURCHASE,DECLINED,CARD,PLN,64.28,2025-11-11T13:49:46.143Z,,VISA,411111******1409
badfc7a8-aeaf-4951-af70-1b325738db52,T0001-MOB,PURCHASE,DECLINED,BLIK,EUR,47.45,2025-03-22T13:48:18.584Z,,,
dfbcf340-6049-48be-a01e-d90e6d7168e9,T0031-ECO,PURCHASE,SETTLED,CARD,EUR,89.15,2025-02-15T19:09:50.510Z,460197,VISA,411111******1100
df5864d5-1165-4b1e-9b9f-acdeb409b855,T0015-POS,PURCHASE,SETTLED,CARD,PLN,8.02,2025-11-28T08:21:20.530Z,409391,MASTERCARD,545454******4118
43577225-fc24-4159-aada-2885efda70bf,T0040-ECO,PURCHASE,SETTLED,CARD,CZK,293.27,2025-06-13T15:47:08.267Z,493856,VISA,411111******9548
f2aff86f-ce3f-4e9a-92aa-5ab47e59a0d1,T0013-MOB,PURCHASE,SETTLED,DIGITAL_WALLET,PLN,59.20,2025-11-21T06:47:46.783Z,247062,MASTERCARD,545454******1021
454009f2-2124-4735-b254-6c177a90c486,T0003-MOB,REFUND,REFUNDED,DIGITAL_WALLET,PLN,68.55,2025-07-12T20:37:00.519Z,,VISA,411111******9034
c82585fa-c60b-446e-86bf-1fb70e2bd8c9,T0015-ECO,PURCHASE,SETTLED,CARD,PLN,140.71,2025-12-01T02:31:32.388Z,976482,VISA,411111******0351
6e020a88-200f-4ed9-b208-641860920068,T0044-ECO,PURCHASE,SETTLED,BLIK,PLN,96.23,2025-02-14T21:18:48.448Z,802875,,
3b668afa-3cf8-4913-8ed4-0264eb068b1e,T0008-ECO,PURCHASE,SETTLED,BANK_TRANSFER,PLN,24.47,2025-11-10T16:38:10.812Z,457729,,
704532d5-2070-43f0-8e80-ea41139cd2b0,T0035-ECO,PURCHASE,DECLINED,CARD,PLN,21.16,2025-04-05T20:31:20.299Z,,VISA,411111******0931
b48b9a8c-7eb3-4efc-b4b3-4dcb8b2c65b5,T0009-ECO,PURCHASE,SETTLED,CARD,PLN,83.72,2025-12-22T09:21:29.879Z,983952,VISA,411111******4099
de74e122-4aed-4cc8-8d28-eef5c7bbbcf8,T0015-MOB,REFUND,REFUNDED,BLIK,PLN,78.03,2025-04-14T21:36:33.326Z,,,
7c781b98-9f32-4d3e-b358-206db49bc1ef,T0045-ECO,PURCHASE,DECLINED,BLIK,PLN,27.82,2025-02-23T06:09:29.861Z,,,
c3a215ff-a660-404f-b0b6-052fb2c68986,T0034-POS,PURCHASE,SETTLED,CARD,PLN,40.87,2025-07-13T18:09:17.856Z,246525,VISA,411111******0587
6249a586-9c18-4d49-9ac5-609e47729adf,T0003-MOB,PURCHASE,DECLINED,CARD,PLN,42.18,2025-05-30T09:19:16.454Z,,VISA,411111******0978
efede7bb-5909-47d6-8353-b9e48aa2f756,T0003-POS,PURCHASE,SETTLED,CARD,PLN,85.01,2025-05-13T09:49:55.743Z,032826,VISA,411111******4999
eeb687c3-b8a6-4bf6-b3d5-4f3e635b36bd,T0040-MOB,PURCHASE,AUTHORIZED,DIGITAL_WALLET,CZK,1933.97,2025-12-31T06:34:14.547Z,580170,VISA,411111******1789
bee1dc65-77a3-49c6-a19c-4a06f5d68c8f,T0030-MOB,PURCHASE,SETTLED,BLIK,CZK,591.01,2025-09-23T02:16:52.973Z,170444,,
a8c34b25-44cc-4057-9c98-08f446368d12,T0018-POS,PURCHASE,SETTLED,DIGITAL_WALLET,PLN,13.02,2025-10-27T15:29:49.622Z,645448,MASTERCARD,545454******0632
024559a5-709d-4505-846b-96f976751903,T0001-POS,PURCHASE,DECLINED,CARD,EUR,8.27,2025-07-06T11:51:43.653Z,,VISA,411111******7271
c96782fb-c417-4ebd-820c-be742e07a11f,T0036-POS,PURCHASE,SETTLED,CARD,PLN,7.92,2025-02-27T01:13:25.892Z,461834,MASTERCARD,545454******1049
3a5b171c-b7a4-4108-8dac-20f90abd99fd,T0040-ECO,PURCHASE,SETTLED,CARD,CZK,128.10,2025-09-21T11:01:57.865Z,332749,MASTERCARD,545454******9500
82d33948-1cf9-4855-b19d-b54f81c6af40,T0023-ECO,PURCHASE,SETTLED,BLIK,PLN,17.98,2025-08-10T12:11:43.380Z,081242,,
f9a013be-55c1-40d9-9c3b-c3e5c9c52567,T0044-MOB,PURCHASE,SETTLED,CARD,PLN,28.42,2025-07-02T19:06:08.965Z,636450,VISA,411111******5350
cedb5488-3623-47b4-9be9-ec861b3206f0,T0019-ECO,PURCHASE,SETTLED,CARD,PLN,14.47,2025-10-16T04:20:45.520Z,026775,VISA,411111******9686
a632c350-ff71-4ff4-833a-8761618f178a,T0038-ECO,PURCHASE,DECLINED,CARD,PLN,117.16,2025-07-15T12:55:18.588Z,,VISA,411111******2458
9b6b0992-0d2a-4d7a-8c57-32f2871b0b1f,T0041-ECO,PURCHASE,SETTLED,BLIK,EUR,40.45,2025-06-21T06:34:48.324Z,921152,,
5ca9bc53-fa3b-4921-8484-4743cc8ba760,T0018-POS,PURCHASE,SETTLED,BLIK,PLN,22.79,2025-02-14T19:45:49.709Z,254880,,
ea258d83-1391-418a-8171-d9558f7a1e43,T0016-MOB,PURCHASE,SETTLED,BLIK,PLN,28.28,2025-03-31T11:00:57.459Z,369082,,
9b050a6c-235d-4722-aa78-98aa95b2868b,T0027-POS,PURCHASE,SETTLED,CARD,PLN,25.11,2025-05-02T21:14:28.120Z,706850,VISA,411111******6678
743de03a-e05c-4fb9-ae0e-f4aae65e0ac3,T0006-MOB,REVERSAL,REVERSED,CARD,PLN,17.97,2025-12-28T05:23:41.481Z,,MASTERCARD,545454******3245
eb2ae08b-8780-46ca-9deb-d8d483d04bac,T0048-POS,PURCHASE,SETTLED,CARD,PLN,32.06,2025-02-19T11:56:52.411Z,138808,VISA,411111******1196
b8e0c2e1-fe7f-4299-9b96-ee819ddb6fea,T0045-ECO,PURCHASE,SETTLED,CARD,PLN,28.46,2025-06-08T18:59:19.645Z,638328,MASTERCARD,545454******9690
d1f2789b-ea95-4113-96ed-4815c415ac73,T0029-ECO,PURCHASE,SETTLED,DIGITAL_WALLET,PLN,237.40,2025-05-24T15:28:28.690Z,758862,VISA,411111******3005
0c5c9940-5753-4534-be48-7b1c4c1f088f,T0042-MOB,PURCHASE,SETTLED,CARD,EUR,130.49,2025-08-14T04:23:26.520Z,243545,MASTERCARD,545454******1587
fd3c902a-e1e3-4da6-bc10-6ec9f1eef895,T0028-MOB,PURCHASE,SETTLED,CARD,PLN,89.64,2025-04-19T01:32:09.588Z,853527,VISA,411111******0687
49d9bf73-2b58-4b3f-a2a6-3e3c3940093a,T0040-MOB,PURCHASE,SETTLED,CARD,CZK,618.23,2025-08-24T09:54:56.771Z,460237,MASTERCARD,545454******7973
e401461a-f5b9-4b3c-8a2c-bb1be70cf274,T0007-POS,PURCHASE,SETTLED,CARD,PLN,62.80,2025-01-03T14:07:23.500Z,627459,VISA,411111******0448
742f790e-d4be-44e4-a04d-3f5585594d77,T0002-MOB,REFUND,REFUNDED,CARD,EUR,30.11,2025-10-02T07:24:00.941Z,,MASTERCARD,545454******7288
5a8d785e-f7eb-47e9-9dd0-7ec8ab30f1b1,T0008-MOB,PURCHASE,SETTLED,DIGITAL_WALLET,PLN,342.75,2025-03-28T09:18:27.744Z,767173,VISA,411111******4562
19b65b6b-6ef1-460c-89d1-c11fecbb1aac,T0005-MOB,PURCHASE,SETTLED,CARD,PLN,6.21,2025-09-14T18:10:55.857Z,935615,VISA,411111******5157
26c451fd-7859-4bc6-83e9-c94c3217f93c,T0041-POS,PURCHASE,SETTLED,DIGITAL_WALLET,EUR,43.26,2025-07-12T21:49:32.289Z,706056,MASTERCARD,545454******3607
9c78bade-8ec7-4ccb-bd9d-ef75113808db,T0009-POS,PURCHASE,SETTLED,CARD,PLN,24.33,2025-06-12T09:31:39.704Z,455416,VISA,411111******0052
4cd36406-e0bd-4044-ae18-b22bf44f5031,T0017-ECO,PURCHASE,SETTLED,CARD,PLN,78.67,2025-09-02T16:16:54.401Z,688852,MASTERCARD,545454******8691
498a9d9d-c391-49b8-8145-217fe595e3fa,T0039-MOB,PURCHASE,SETTLED,BLIK,PLN,34.83,2025-04-07T01:54:00.678Z,923685,,
20c8667f-b46f-4145-a5e9-2e49b26c8876,T0028-POS,REFUND,REFUNDED,CARD,PLN,110.99,2025-11-09T12:32:46.884Z,,VISA,411111******5694
42f88fc5-52bc-464d-8594-98c58ff01845,T0032-ECO,PURCHASE,SETTLED,CARD,EUR,74.43,2025-11-11T04:42:40.452Z,063756,VISA,411111******6701
72984bb6-4efa-4dc3-8bae-4fc1d18ad3ca,T0028-MOB,PURCHASE,SETTLED,CARD,PLN,31.13,2025-03-06T16:13:12.548Z,667173,VISA,411111******5567
f34574ae-0519-48bf-8a2e-30d69adebcc2,T0014-ECO,REFUND,REFUNDED,CARD,PLN,307.81,2025-02-05T01:12:58.799Z,,MASTERCARD,545454******2117
fc37337a-32cc-439d-8914-bc965cb27033,T0046-MOB,PURCHASE,SETTLED,DIGITAL_WALLET,PLN,12.59,2025-11-30T21:11:51.735Z,220686,VISA,411111******8497
093c3582-037d-482e-b0a4-be8a3fab0c74,T0015-MOB,PURCHASE,SETTLED,DIGITAL_WALLET,PLN,48.98,2025-11-04T07:51:20.496Z,768956,VISA,411111******9059
c8b7bcd0-d020-4ede-9fa7-0e6bbffa749e,T0003-POS,PURCHASE,SETTLED,CARD,PLN,31.51,2025-11-14T19:04:13.758Z,285693,VISA,411111******0553
9ad8e1cc-8aac-4783-948b-5d0dbe1e70bc,T0018-POS,PURCHASE,SETTLED,CARD,PLN,57.31,2025-11-19T21:52:41.620Z,015457,MASTERCARD,545454******0330
9381ebb3-a7f2-407e-b821-947c43a7320c,T0020-MOB,PURCHASE,SETTLED,CARD,CZK,208.56,2025-02-06T03:24:15.227Z,104521,MASTERCARD,545454******3320
64c5ee2d-ba41-448a-bf3d-adbdfe3f5662,T0027-ECO,PURCHASE,SETTLED,CARD,PLN,87.54,2025-08-13T10:13:37.998Z,018048,VISA,411111******6265
24ce3160-551a-4dcd-8f84-2010a48fc1f1,T0002-MOB,PURCHASE,SETTLED,BLIK,EUR,19.38,2025-12-02T20:46:42.964Z,114240,,
3b808449-c2b5-49c2-910f-445dd6f34d9b,T0032-ECO,PURCHASE,SETTLED,CARD,EUR,10.04,2025-06-09T22:48:00.318Z,758154,MASTERCARD,545454******8575
8ffa1194-c14a-4a61-b58f-b73fb0bde14f,T0048-MOB,PURCHASE,SETTLED,DIGITAL_WALLET,PLN,135.99,2025-05-02T13:31:19.982Z,281170,MASTERCARD,545454******0091
209595a4-602c-4604-93d7-54d6b30269aa,T0042-POS,PURCHASE,SETTLED,CARD,EUR,75.64,2025-10-18T13:15:06.124Z,446380,VISA,411111******1721
cd9b79fd-a04c-47f6-abb4-71577ec469d8,T0011-POS,REFUND,REFUNDED,CARD,EUR,46.95,2025-12-06T12:16:29.560Z,,VISA,411111******6949
5f234322-e3b9-4a34-9d77-39b25287e5f4,T0027-MOB,PURCHASE,PENDING,CARD,PLN,50.97,2025-04-23T16:49:48.535Z,,MASTERCARD,545454******8560
4051391c-9ac1-4d69-84f6-12df5f0a74fb,T0044-POS,REFUND,REFUNDED,BLIK,PLN,42.07,2025-05-09T05:28:27.949Z,,,
515400a6-0283-443b-b94f-9276d4541573,T0048-ECO,PURCHASE,SETTLED,BANK_TRANSFER,PLN,37.75,2025-01-27T00:55:57.005Z,749817,,
280d4e22-982e-4afd-b7fc-562b9ffe3709,T0020-ECO,PURCHASE,SETTLED,CARD,CZK,609.96,2025-01-06T11:41:46.950Z,064076,MASTERCARD,545454******1551
41374168-ef2e-4dc9-a73c-984bc4596172,T0013-MOB,PURCHASE,SETTLED,CARD,PLN,59.89,2025-03-20T16:15:29.079Z,654836,MASTERCARD,545454******6017
c41c233d-a513-464e-965a-693e85b69e95,T0038-POS,PURCHASE,SETTLED,CARD,PLN,27.85,2025-11-28T10:15:59.606Z,835593,VISA,411111******2075
fd34d21e-3b59-475e-888a-9a7400af085d,T0039-MOB,PURCHASE,SETTLED,DIGITAL_WALLET,PLN,56.27,2025-07-04T15:38:44.895Z,176264,MASTERCARD,545454******3429
aa3319bc-6ce7-43e1-b08f-75a1cea6e9bc,T0001-MOB,REFUND,REFUNDED,CARD,EUR,41.69,2025-10-23T03:46:57.120Z,,VISA,411111******8383
1404e492-87db-4168-9125-126285a0daf6,T0016-ECO,PURCHASE,SETTLED,CARD,PLN,324.63,2025-11-23T04:12:45.447Z,879387,MASTERCARD,545454******5107
59225b53-a6ef-4273-af77-4027e656cfbc,T0036-MOB,PURCHASE,SETTLED,BLIK,PLN,28.25,2025-08-28T14:36:58.573Z,585005,,
016ff44c-31e4-4850-86a8-1b2b5c69ee49,T0013-MOB,PURCHASE,PENDING,CARD,PLN,55.71,2025-12-20T19:30:55.377Z,,VISA,411111******7243
0b3e2b6e-65f6-4897-ba8e-5e5ca444c040,T0017-ECO,PURCHASE,SETTLED,BANK_TRANSFER,PLN,29.64,2025-08-11T05:06:45.843Z,288307,,
2c7c4106-7d84-4537-b458-d92ca1da7c7a,T0002-ECO,REVERSAL,REVERSED,BANK_TRANSFER,EUR,31.06,2025-10-19T11:58:18.558Z,,,
1e92c0ae-d886-4de4-9585-3f0b6b691bd2,T0007-POS,PURCHASE,SETTLED,CARD,PLN,11.48,2025-01-07T11:25:01.340Z,086847,VISA,411111******2156
673659ef-aa1c-4dca-b0c7-915e03a0b96b,T0044-MOB,PURCHASE,PENDING,DIGITAL_WALLET,PLN,29.03,2025-01-24T21:04:00.066Z,,MASTERCARD,545454******8459
68c4b51a-8166-456c-b04f-bce932dcea5b,T0013-ECO,PURCHASE,SETTLED,CARD,PLN,4.87,2025-11-22T09:25:06.963Z,638088,VISA,411111******4514
eb02c661-1dc3-4362-9691-c83a7687853e,T0001-MOB,PURCHASE,SETTLED,CARD,EUR,11.95,2025-01-08T19:24:51.785Z,975461,VISA,411111******9276
e6c75732-f151-4f15-a46e-e99eae4ed89f,T0011-POS,PURCHASE,SETTLED,CARD,EUR,80.84,2025-05-28T07:25:46.722Z,877981,VISA,411111******5042
4b80afa6-fab1-4a12-ad57-37a0330062f1,T0019-POS,PURCHASE,SETTLED,CARD,PLN,21.40,2025-02-05T21:20:34.501Z,926488,VISA,411111******4469
27dc3b65-62bb-484c-95d1-2c70d5b07c12,T0023-ECO,PURCHASE,SETTLED,CARD,PLN,48.54,2025-09-30T16:51:41.444Z,995796,VISA,411111******0601
37df8dfb-421a-4d96-b5f1-e04bc5fe21d6,T0023-ECO,PURCHASE,SETTLED,DIGITAL_WALLET,PLN,42.21,2025-02-14T18:39:25.529Z,538205,MASTERCARD,545454******1486
08aa6127-e6b9-43a3-96a0-c726a886a9fc,T0043-ECO,PURCHASE,SETTLED,CARD,PLN,31.81,2025-05-20T09:02:33.890Z,396267,MASTERCARD,545454******9236
7782e83f-29a9-42d7-8e68-14655ba62f73,T0001-POS,PURCHASE,SETTLED,CARD,EUR,61.78,2025-06-20T11:51:27.828Z,957505,VISA,411111******3065
b92eefe0-40a8-4d6b-be5b-d4afd58757a3,T0040-MOB,PURCHASE,SETTLED,BLIK,CZK,160.93,2025-09-21T12:35:55.410Z,496576,,
93d640cc-f438-4911-84f4-d74fc6299ca6,T0020-POS,PURCHASE,SETTLED,DIGITAL_WALLET,CZK,187.57,2025-07-18T22:05:26.170Z,446582,VISA,411111******6897
9167adea-f8f1-466b-b395-1a4532ce6a3d,T0020-ECO,REFUND,REFUNDED,BANK_TRANSFER,CZK,367.23,2025-05-10T09:09:22.807Z,,,
a89a92c5-0037-42ae-b5e9-13d82a53dbd6,T0004-POS,PURCHASE,DECLINED,CARD,PLN,30.86,2025-04-02T17:23:25.878Z,,MASTERCARD,545454******6487
788664f3-1993-4dfe-983f-097d28c9d68c,T0014-MOB,PURCHASE,SETTLED,CARD,PLN,51.47,2025-03-24T12:34:04.934Z,500531,MASTERCARD,545454******0081
222ec711-ef6d-4b4b-8356-dee2517fd316,T0031-ECO,PURCHASE,SETTLED,CARD,EUR,34.63,2025-04-20T23:33:53.839Z,134744,VISA,411111******6350
06e2ac94-9620-4553-b860-b58fbd8cc32e,T0044-ECO,PURCHASE,SETTLED,DIGITAL_WALLET,PLN,13.20,2025-10-26T04:49:26.240Z,702416,MASTERCARD,545454******8000
301ed689-7ffc-43fe-a359-34433ae61863,T0024-MOB,PURCHASE,SETTLED,CARD,PLN,14.58,2025-02-06T01:25:40.347Z,676936,MASTERCARD,545454******1265
2df4e387-6bf6-42f7-b47b-ffbaf5611747,T0025-ECO,PURCHASE,SETTLED,CARD,PLN,7.26,2025-11-20T23:36:37.108Z,273698,MASTERCARD,545454******0570
81c8d068-931e-4f89-a0f5-128d51abac77,T0030-POS,PURCHASE,SETTLED,CARD,CZK,155.16,2025-07-08T19:08:50.669Z,168698,MASTERCARD,545454******0200
80871ba9-7344-4407-a880-81f9cd6b4aa0,T0043-MOB,PURCHASE,SETTLED,CARD,PLN,29.54,2025-05-11T03:01:05.864Z,846331,VISA,411111******9889
ef263a84-f2bd-409b-964d-36b601c7ea8b,T0035-MOB,PURCHASE,SETTLED,CARD,PLN,72.23,2025-07-19T23:10:52.832Z,157692,MASTERCARD,545454******1310
0cd19e0c-5dfa-4933-b5d2-fda97d57d424,T0040-ECO,PURCHASE,SETTLED,DIGITAL_WALLET,CZK,1878.56,2025-04-08T23:51:22.435Z,910055,VISA,411111******1991
531b1e76-725f-475a-847c-1fe56ac475a5,T0022-ECO,PURCHASE,SETTLED,CARD,EUR,31.19,2025-02-13T08:57:49.365Z,374221,VISA,411111******4804
6e5c9ae7-7e52-422c-a207-0bf3250768f2,T0047-POS,PURCHASE,SETTLED,CARD,PLN,125.11,2025-06-27T21:09:25.705Z,762091,VISA,411111******2065
25916ffa-09cd-43a6-9f6f-83c5539b4d73,T0040-POS,PURCHASE,AUTHORIZED,DIGITAL_WALLET,CZK,440.84,2025-11-12T12:49:46.903Z,080253,MASTERCARD,545454******0665
6696dea0-6c2a-4b89-8d4e-f3fabfcff645,T0007-MOB,PURCHASE,SETTLED,BLIK,PLN,13.44,2025-12-09T21:27:39.081Z,667671,,
daafb63a-8a06-4bf5-8398-18fc9d96bf5e,T0028-POS,PURCHASE,PENDING,BLIK,PLN,232.31,2025-01-19T23:08:23.383Z,,,
660f475f-9ac8-4b74-8bb5-c276abe377f3,T0037-MOB,PURCHASE,SETTLED,CARD,PLN,23.15,2025-01-08T06:28:23.800Z,525927,VISA,411111******4535
53199080-b581-44e0-84a0-6d55398e1dc0,T0027-ECO,PURCHASE,SETTLED,CARD,PLN,13.05,2025-10-10T18:58:48.729Z,232074,MASTERCARD,545454******1591
03379b0b-8ec2-4e07-ae0c-230379c11c4a,T0039-MOB,PURCHASE,SETTLED,BLIK,PLN,30.08,2025-11-16T11:27:18.455Z,407937,,
da2fc99b-a923-495d-8842-9e206726f5b4,T0010-MOB,PURCHASE,SETTLED,DIGITAL_WALLET,CZK,255.24,2025-07-08T22:52:03.574Z,268113,VISA,411111******6390
7395734b-50b9-4f30-8038-32d04ab4ea29,T0023-POS,REVERSAL,REVERSED,CARD,PLN,60.85,2025-08-31T16:08:32.598Z,,MASTERCARD,545454******4981
fd5baf20-7da2-4e1b-be7a-31688e72d17c,T0011-ECO,PURCHASE,PENDING,CARD,EUR,8.95,2025-11-26T23:28:53.126Z,,VISA,411111******4651
c70bdb6e-c451-4562-a8bb-ecfbdd69a596,T0007-MOB,REVERSAL,REVERSED,CARD,PLN,51.04,2025-03-26T13:36:04.428Z,,MASTERCARD,545454******2926
dbeb21e2-39a0-4a0b-a465-79458852787c,T0039-MOB,PURCHASE,SETTLED,CARD,PLN,22.70,2025-04-22T04:21:17.845Z,561645,MASTERCARD,545454******8229
192bb3bc-e843-4f65-aef0-244b2c19ee3d,T0029-POS,PURCHASE,SETTLED,DIGITAL_WALLET,PLN,25.11,2025-06-12T10:33:18.420Z,688065,MASTERCARD,545454******7602
05d86c95-f20b-4199-a8a5-7ee7bb6e0d06,T0013-ECO,PURCHASE,SETTLED,CARD,PLN,29.96,2025-08-10T02:19:04.640Z,598301,VISA,411111******9823
e9c7eb29-d9ad-49e0-b16a-8466dd0a4a6e,T0031-ECO,PURCHASE,SETTLED,CARD,EUR,17.80,2025-12-06T16:19:50.245Z,536174,MASTERCARD,545454******9044
760fdd95-93dd-4da1-b4fe-6da807e86429,T0012-MOB,PURCHASE,SETTLED,DIGITAL_WALLET,EUR,35.83,2025-06-22T07:08:50.247Z,937894,MASTERCARD,545454******1061
28c5b1e3-e8ac-4518-ab8f-54d8df40fe04,T0012-MOB,PURCHASE,SETTLED,BLIK,EUR,9.26,2025-01-28T02:58:37.007Z,347350,,
429146ca-f523-4f95-aac6-6272c8757d06,T0048-POS,PURCHASE,SETTLED,CARD,PLN,185.21,2025-10-05T23:41:29.795Z,073783,MASTERCARD,545454******6313
cfc91b52-4aff-40a0-8f4e-2726b9dd378e,T0039-ECO,PURCHASE,SETTLED,BANK_TRANSFER,PLN,16.76,2025-10-26T13:22:36.040Z,867962,,
255f30b9-1a87-49bd-9fc2-3099c99496ab,T0024-MOB,PURCHASE,SETTLED,BLIK,PLN,86.23,2025-10-08T09:28:25.173Z,449407,,
547c9030-18dd-4aea-83b6-c6ef35c82133,T0024-MOB,PURCHASE,SETTLED,BLIK,PLN,58.16,2025-12-16T05:06:27.726Z,506033,,
4207291e-b316-4953-b34b-da19c99156cc,T0032-POS,PURCHASE,SETTLED,BLIK,EUR,59.66,2025-10-23T16:02:32.143Z,346723,,
9150d9b2-2886-425e-b741-12a5f1dde1f6,T0010-ECO,PURCHASE,SETTLED,CARD,CZK,346.26,2025-06-20T19:48:51.689Z,321559,MASTERCARD,545454******4771
a302db2f-41de-4a4c-a25c-ade5dbf11941,T0019-POS,PURCHASE,SETTLED,BLIK,PLN,52.86,2025-01-05T16:28:11.265Z,306533,,
f8ef6c71-2b9f-4f6a-a666-a9b49e5364dc,T0024-ECO,PURCHASE,SETTLED,BLIK,PLN,32.57,2025-11-28T02:54:20.513Z,500143,,
613f50db-e5aa-4c5a-bbe7-52062ce62f9f,T0021-ECO,PURCHASE,SETTLED,CARD,EUR,30.22,2025-03-29T02:43:14.153Z,505468,VISA,411111******8605
e80368e2-a37d-4fca-a9a6-df1391c4b8c6,T0018-ECO,PURCHASE,SETTLED,DIGITAL_WALLET,PLN,35.09,2025-09-01T06:29:24.101Z,481633,MASTERCARD,545454******8172
3ea426b8-3f7b-46ec-85df-f8e291136499,T0022-ECO,PURCHASE,SETTLED,CARD,EUR,8.97,2025-09-25T20:27:39.958Z,468328,VISA,411111******0917
bbbbfd67-30a4-44b0-be3c-7c84176350f5,T0042-POS,PURCHASE,SETTLED,CARD,EUR,190.29,2025-01-24T15:18:14.212Z,290955,MASTERCARD,545454******9043
7a71ce7b-3248-4699-92b3-b3eba247a4f5,T0015-POS,PURCHASE,SETTLED,CARD,PLN,14.38,2025-03-25T11:53:19.612Z,828391,VISA,411111******5224
7150f94f-e2f2-4f57-b850-b4401c8cd498,T0032-MOB,PURCHASE,DECLINED,BLIK,EUR,80.72,2025-11-09T22:16:55.650Z,,,
7bb8373c-81dd-43ea-9421-b62c2d31317c,T0040-MOB,PURCHASE,SETTLED,DIGITAL_WALLET,CZK,369.10,2025-04-27T08:49:18.270Z,661785,MASTERCARD,545454******8070
01ab1df1-7cd2-4263-aea3-5df6f2193325,T0035-POS,PURCHASE,SETTLED,CARD,PLN,42.08,2025-01-26T11:03:30.778Z,793365,MASTERCARD,545454******1826
36955a61-3b57-4da7-834a-4fa61bd487bb,T0028-ECO,PURCHASE,SETTLED,CARD,PLN,27.77,2025-10-25T15:33:25.543Z,816622,VISA,411111******3171
c92aeb0c-656f-4bd8-8432-9e7831209ff4,T0031-POS,PURCHASE,SETTLED,CARD,EUR,22.90,2025-09-15T07:47:36.160Z,163984,VISA,411111******5304
eeced5b3-3a8d-4127-84f6-4befb9f9d376,T0021-ECO,PURCHASE,SETTLED,BANK_TRANSFER,EUR,111.26,2025-04-29T22:17:33.341Z,817632,,
0e28a088-6771-4c17-b0a3-0219c3210788,T0047-MOB,PURCHASE,SETTLED,DIGITAL_WALLET,PLN,155.07,2025-11-09T18:35:58.143Z,005948,MASTERCARD,545454******6834
6d70881b-5264-4c6f-860f-d3b65f9c11f0,T0030-MOB,PURCHASE,SETTLED,CARD,CZK,468.52,2025-08-06T11:19:11.756Z,872993,MASTERCARD,545454******4829
f105c2d8-7acc-4c3b-b90c-a4475352db34,T0013-POS,PURCHASE,SETTLED,CARD,PLN,91.47,2025-01-18T20:45:02.799Z,168210,VISA,411111******3983
60013e38-960b-4746-9b51-0232fca7644d,T0043-MOB,PURCHASE,SETTLED,BLIK,PLN,24.93,2025-06-20T03:36:54.945Z,293750,,
92f77072-4c81-4d72-96fd-ad962681e5bb,T0019-POS,PURCHASE,SETTLED,CARD,PLN,25.42,2025-04-06T05:40:41.335Z,916403,MASTERCARD,545454******2486
dee7dad7-1168-4433-8518-8d4dc5a8646c,T0037-ECO,PURCHASE,SETTLED,DIGITAL_WALLET,PLN,244.57,2025-05-02T22:19:50.980Z,147290,MASTERCARD,545454******0358
32f0b15c-5540-47fe-9cb9-635c75f73b07,T0024-MOB,PURCHASE,SETTLED,BLIK,PLN,125.20,2025-04-10T04:06:25.618Z,238742,,
fd593fa4-e9b9-439e-8f6e-ed3187450d05,T0048-POS,PURCHASE,SETTLED,CARD,PLN,45.67,2025-06-19T19:03:49.032Z,872073,MASTERCARD,545454******0786
90b7f26f-1357-49cb-bc03-daa7112e1621,T0033-MOB,PURCHASE,SETTLED,BLIK,PLN,9.17,2025-02-13T15:02:14.544Z,665189,,
46e09e7d-d158-4136-ae52-8655af178dbb,T0011-ECO,PURCHASE,AUTHORIZED,DIGITAL_WALLET,EUR,26.27,2025-10-14T23:23:17.155Z,804378,VISA,411111******1197
9faa2180-01a0-49a2-8b37-617d932204fb,T0042-MOB,PURCHASE,SETTLED,CARD,EUR,19.63,2025-04-11T12:41:03.876Z,420967,MASTERCARD,545454******0351
930e6549-d24f-4225-8519-fd783348eda0,T0015-ECO,PURCHASE,SETTLED,BLIK,PLN,106.83,2025-03-15T08:11:06.791Z,697724,,
53d47caf-11bb-497a-b464-a31f5938949e,T0010-POS,PURCHASE,SETTLED,CARD,CZK,313.98,2025-03-05T09:57:46.434Z,566310,VISA,411111******2086
06822e13-6007-47be-b2b1-068ad58b5423,T0018-POS,PURCHASE,SETTLED,DIGITAL_WALLET,PLN,30.71,2025-10-15T08:29:12.213Z,129090,VISA,411111******7203
2cd3248d-f820-4c5f-97c5-22e01fe9048d,T0025-POS,PURCHASE,SETTLED,CARD,PLN,45.94,2025-07-20T14:05:36.124Z,854064,MASTERCARD,545454******9670
ccbf1dfe-173e-43d9-bc32-edb435d80531,T0011-POS,PURCHASE,SETTLED,CARD,EUR,45.73,2025-07-17T13:45:22.114Z,200258,MASTERCARD,545454******6801
10b7de33-d627-424e-8f5a-f64ef21b7a7f,T0030-POS,PURCHASE,SETTLED,CARD,CZK,106.39,2025-04-27T18:40:31.234Z,377898,VISA,411111******5811
